Terminals unused in grammar

    ETOK
    WHILE


Grammar

    0 $accept: PROGRAMME_RULE $end

    1 PROGRAMME_RULE: MODULE_PREAMBLE_RULE DECLARATION_STATEMENT_LIST_RULE FUNCTION_LIST_RULE LOGIC_BLOCK

    2 MODULE_PREAMBLE_RULE: ε
    3                     | MODULE_PREAMBLE_RULE PACKAGE_DECLARATION
    4                     | MODULE_PREAMBLE_RULE MODULE_DECLARATION
    5                     | MODULE_PREAMBLE_RULE IMPORT_DECLARATION

    6 PACKAGE_DECLARATION: PACKAGE MODULE_PATH ';'

    7 MODULE_DECLARATION: MODULE MODULE_PATH ';'

    8 IMPORT_DECLARATION: IMPORT MODULE_PATH IMPORT_ALIAS_OPT ';'

    9 MODULE_PATH: IDENTIFIER
   10            | MODULE_PATH '.' IDENTIFIER

   11 IMPORT_ALIAS_OPT: ε
   12                 | AS IDENTIFIER

   13 FUNCTION_LIST_RULE: FUNCTION_LIST_RULE FUNCTION_RULE ';'
   14                   | ε

   15 FUNCTION_RULE: DEF ShortType IDENTIFIER '(' FUNCTION_PARAMETER_LIST_RULE ')' STATEMENT_BLOCK_RULE

   16 FUNCTION_PARAMETER_LIST_RULE: DECLARATION_STATEMENT_LIST_RULE
   17                             | ε

   18 DECLARATION_STATEMENT_LIST_RULE: DECLARATION_STATEMENT_LIST_RULE DECLARATION_STATEMENT_RULE ';'
   19                                | DECLARATION_STATEMENT_RULE ';'

   20 ShortType: INT
   21          | FLOAT
   22          | DOUBLE
   23          | STRING
   24          | VOID
   25          | BOOL

   26 DECLARATION_STATEMENT_RULE: ShortType DECLARATION_VARIABLE_LIST_RULE

   27 DECLARATION_VARIABLE_LIST_RULE: DECLARATION_VARIABLE_LIST_RULE ',' IDENTIFIER
   28                               | DECLARATION_VARIABLE_LIST_RULE ',' IDENTIFIER '[' INT_LITERAL ']'
   29                               | IDENTIFIER
   30                               | IDENTIFIER '[' INT_LITERAL ']'
   31                               | ε

   32 LOGIC_BLOCK: TOP_LEVEL_STATEMENT_LIST_RULE

   33 TOP_LEVEL_STATEMENT_LIST_RULE: TOP_LEVEL_STATEMENT_LIST_RULE EXECUTABLE_STATEMENT_RULE
   34                              | EXECUTABLE_STATEMENT_RULE

   35 STATEMENT_BLOCK_RULE: '{' STATEMENT_LIST_RULE '}'

   36 STATEMENT_LIST_RULE: STATEMENT_LIST_RULE STATEMENT_RULE
   37                    | STATEMENT_RULE

   38 STATEMENT_RULE: EXECUTABLE_STATEMENT_RULE
   39               | DECLARATION_STATEMENT_RULE ';'

   40 EXECUTABLE_STATEMENT_RULE: MODEL_DECLARATION
   41                          | TENSOR_DECLARATION
   42                          | GREENAI_CONTRACT
   43                          | GREENAI_MEASUREMENT
   44                          | C3ECO_DECLARATION
   45                          | INFER_STATEMENT
   46                          | RETURN_STATEMENT
   47                          | CONTINUE ';'
   48                          | EXPRESSION_RULE ';'
   49                          | VARIABLE_RULE '=' EXPRESSION_RULE ';'
   50                          | STATEMENT_BLOCK_RULE
   51                          | IF EXPRESSION_RULE STATEMENT_BLOCK_RULE
   52                          | IF EXPRESSION_RULE STATEMENT_BLOCK_RULE ELSE STATEMENT_BLOCK_RULE
   53                          | LOOP VARIABLE_RULE '=' EXPRESSION_RULE ',' EXPRESSION_RULE STATEMENT_BLOCK_RULE
   54                          | LOOP VARIABLE_RULE '=' EXPRESSION_RULE ',' EXPRESSION_RULE ',' EXPRESSION_RULE STATEMENT_BLOCK_RULE
   55                          | LOOP EXPRESSION_RULE STATEMENT_BLOCK_RULE
   56                          | GOTO IDENTIFIER ';'
   57                          | GOTO IDENTIFIER IF EXPRESSION_RULE ';'
   58                          | READ READ_VARIABLE_LIST_RULE ';'
   59                          | BREAK ';'
   60                          | PRINT PRINT_VARIABLE_LIST_RULE ';'
   61                          | GREENAI_REPORT_RULE ';'
   62                          | AI_INFER_RULE ';'
   63                          | IDENTIFIER ':'
   64                          | ';'

   65 RETURN_STATEMENT: RETURN EXPRESSION_RULE ';'
   66                 | RETURN ';'

   67 INFER_STATEMENT: INFER IDENTIFIER '(' IDENTIFIER ')' ARROW IDENTIFIER ';'
   68                | INFER IDENTIFIER '(' IDENTIFIER ')' GREATER IDENTIFIER ';'

   69 TENSOR_DECLARATION: TENSOR IDENTIFIER PRECISION_NAME STRING_LITERAL ';'

   70 $@1: ε

   71 MODEL_DECLARATION: MODEL IDENTIFIER '{' $@1 MODEL_FIELD_LIST '}' ';'

   72 MODEL_FIELD_LIST: MODEL_FIELD_LIST MODEL_FIELD
   73                 | ε

   74 MODEL_FIELD: FORMAT FORMAT_NAME ';'
   75            | PATH STRING_LITERAL ';'
   76            | TASK STRING_LITERAL ';'
   77            | PRECISION PRECISION_NAME ';'
   78            | INPUT_SHAPE STRING_LITERAL ';'
   79            | OUTPUT_SHAPE STRING_LITERAL ';'
   80            | BACKEND_PREFERENCE BACKEND_LIST ';'
   81            | COMPACT TRUE ';'
   82            | COMPACT FALSE ';'
   83            | QUALITY_GUARDRAIL IDENTIFIER GREATER_OR_EQUAL INT_LITERAL ';'

   84 BACKEND_LIST: BACKEND_LIST ',' BACKEND_NAME
   85             | BACKEND_NAME

   86 $@2: ε

   87 GREENAI_CONTRACT: GREENAI_CONTRACT_T IDENTIFIER '{' $@2 CONTRACT_FIELD_LIST '}' ';'

   88 CONTRACT_FIELD_LIST: CONTRACT_FIELD_LIST CONTRACT_FIELD
   89                    | ε

   90 CONTRACT_FIELD: FUNCTIONAL_UNIT STRING_LITERAL ';'
   91               | SUCCESS_CRITERIA STRING_LITERAL ';'
   92               | BOUNDARY BOUNDARY_LIST ';'
   93               | MEASUREMENT_QUALITY MQ_NAME ';'
   94               | DATA_QUALITY DQ_NAME ';'
   95               | CARBON_FACTOR LOCATION INT_LITERAL ';'
   96               | ENERGY_BUDGET_J INT_LITERAL ';'
   97               | CARBON_BUDGET_GCO2E INT_LITERAL ';'
   98               | QUALITY_GUARDRAIL IDENTIFIER GREATER_OR_EQUAL INT_LITERAL ';'
   99               | EVIDENCE_RETENTION STRING_LITERAL ';'
  100               | CLAIMS_MODE EVIDENCE_ONLY ';'

  101 BOUNDARY_LIST: BOUNDARY_LIST ',' BOUNDARY_NAME
  102              | BOUNDARY_NAME

  103 $@3: ε

  104 GREENAI_MEASUREMENT: GREENAI_MEASURE IDENTIFIER '{' $@3 MEASURE_FIELD_LIST '}' ';'

  105 MEASURE_FIELD_LIST: MEASURE_FIELD_LIST MEASURE_FIELD
  106                   | ε

  107 MEASURE_FIELD: IDENTIFIER INT_LITERAL ';'
  108              | IDENTIFIER IDENTIFIER ';'

  109 $@4: ε

  110 C3ECO_DECLARATION: CERTIFICATION_PROFILE IDENTIFIER '{' $@4 C3ECO_FIELD_LIST '}' ';'

  111 $@5: ε

  112 C3ECO_DECLARATION: CERTIFICATION IDENTIFIER '{' $@5 C3ECO_FIELD_LIST '}' ';'

  113 $@6: ε

  114 C3ECO_DECLARATION: FUNCTIONAL_UNIT IDENTIFIER '{' $@6 C3ECO_FIELD_LIST '}' ';'

  115 $@7: ε

  116 C3ECO_DECLARATION: WORKLOAD IDENTIFIER '{' $@7 C3ECO_FIELD_LIST '}' ';'

  117 $@8: ε

  118 C3ECO_DECLARATION: BOUNDARY IDENTIFIER '{' $@8 C3ECO_FIELD_LIST '}' ';'

  119 $@9: ε

  120 C3ECO_DECLARATION: MEASUREMENT_PLAN IDENTIFIER '{' $@9 C3ECO_FIELD_LIST '}' ';'

  121 $@10: ε

  122 C3ECO_DECLARATION: AI_LIFECYCLE IDENTIFIER '{' $@10 C3ECO_FIELD_LIST '}' ';'

  123 $@11: ε

  124 C3ECO_DECLARATION: RAG_PIPELINE IDENTIFIER '{' $@11 C3ECO_FIELD_LIST '}' ';'

  125 $@12: ε

  126 C3ECO_DECLARATION: TOKEN_BUDGET IDENTIFIER '{' $@12 C3ECO_FIELD_LIST '}' ';'

  127 $@13: ε

  128 C3ECO_DECLARATION: MODEL_ROUTING IDENTIFIER '{' $@13 C3ECO_FIELD_LIST '}' ';'

  129 $@14: ε

  130 C3ECO_DECLARATION: GUARDRAILS IDENTIFIER '{' $@14 C3ECO_FIELD_LIST '}' ';'

  131 C3ECO_FIELD_LIST: C3ECO_FIELD_LIST C3ECO_FIELD
  132                 | ε

  133 C3ECO_FIELD: C3ECO_FIELD_NAME STRING_LITERAL ';'
  134            | C3ECO_FIELD_NAME C3ECO_IDENTIFIER_VALUE ';'
  135            | C3ECO_FIELD_NAME INT_LITERAL ';'
  136            | C3ECO_FIELD_NAME FLOAT_LITERAL ';'
  137            | C3ECO_FIELD_NAME TRUE ';'
  138            | C3ECO_FIELD_NAME FALSE ';'

  139 C3ECO_FIELD_NAME: IDENTIFIER
  140                 | CARBON_FACTOR
  141                 | FALLBACK
  142                 | QUALITY_GUARDRAIL
  143                 | FUNCTIONAL_UNIT
  144                 | BOUNDARY

  145 C3ECO_IDENTIFIER_VALUE: IDENTIFIER
  146                       | BOUNDARY_NAME
  147                       | MQ_NAME
  148                       | DQ_NAME
  149                       | LOCATION
  150                       | EVIDENCE_ONLY
  151                       | FALLBACK

  152 FORMAT_NAME: ONNX
  153            | ENGINE
  154            | TORCHSCRIPT
  155            | OPENVINO_IR
  156            | GGUF

  157 PRECISION_NAME: INT8
  158               | INT4
  159               | FP16
  160               | FP32
  161               | BF16
  162               | FP64
  163               | FLOAT

  164 BACKEND_NAME: TENSORRT
  165             | ONNXRUNTIME_TENSORRT
  166             | ONNXRUNTIME_CUDA
  167             | ONNXRUNTIME_CPU
  168             | OPENVINO
  169             | LIBTORCH
  170             | LLAMACPP
  171             | FALLBACK

  172 MQ_NAME: MQ1
  173        | MQ2
  174        | MQ3
  175        | MQ4

  176 DQ_NAME: DQ1
  177        | DQ2
  178        | DQ3
  179        | DQ4

  180 BOUNDARY_NAME: COMPUTE
  181              | ACCELERATOR
  182              | STORAGE
  183              | NETWORK
  184              | CI_CD
  185              | THIRDPARTY

  186 AI_INFER_RULE: AI_INFER_BUILTIN '(' STRING_LITERAL ',' STRING_LITERAL ',' STRING_LITERAL ')'

  187 GREENAI_REPORT_RULE: GREENAI_REPORT_BUILTIN '(' STRING_LITERAL ',' EXPRESSION_RULE ',' EXPRESSION_RULE ',' EXPRESSION_RULE ')'

  188 EXPRESSION_RULE: EXPRESSION_RULE '+' EXPRESSION_RULE
  189                | EXPRESSION_RULE '-' EXPRESSION_RULE
  190                | EXPRESSION_RULE '*' EXPRESSION_RULE
  191                | EXPRESSION_RULE '/' EXPRESSION_RULE
  192                | EXPRESSION_RULE '%' EXPRESSION_RULE
  193                | EXPRESSION_RULE LESS EXPRESSION_RULE
  194                | EXPRESSION_RULE LESS_OR_EQUAL EXPRESSION_RULE
  195                | EXPRESSION_RULE GREATER EXPRESSION_RULE
  196                | EXPRESSION_RULE GREATER_OR_EQUAL EXPRESSION_RULE
  197                | EXPRESSION_RULE EQUAL EXPRESSION_RULE
  198                | EXPRESSION_RULE NOT_EQUAL EXPRESSION_RULE
  199                | EXPRESSION_RULE OR EXPRESSION_RULE
  200                | EXPRESSION_RULE AND EXPRESSION_RULE
  201                | '-' EXPRESSION_RULE
  202                | '(' EXPRESSION_RULE ')'
  203                | IDENTIFIER '(' EXPRESSION_LIST_OPT ')'
  204                | VARIABLE_RULE
  205                | INT_LITERAL
  206                | FLOAT_LITERAL
  207                | STRING_LITERAL
  208                | TRUE
  209                | FALSE

  210 EXPRESSION_LIST_OPT: EXPRESSION_LIST_RULE
  211                    | ε

  212 EXPRESSION_LIST_RULE: EXPRESSION_LIST_RULE ',' EXPRESSION_RULE
  213                     | EXPRESSION_RULE

  214 VARIABLE_RULE: IDENTIFIER
  215              | IDENTIFIER '[' EXPRESSION_RULE ']'

  216 READ_VARIABLE_LIST_RULE: READ_VARIABLE_LIST_RULE ',' VARIABLE_RULE
  217                        | VARIABLE_RULE

  218 PRINT_VARIABLE_LIST_RULE: PRINT_VARIABLE_LIST_RULE ',' EXPRESSION_RULE
  219                         | EXPRESSION_RULE


Terminals, with rules where they appear

    $end (0) 0
    '%' (37) 192
    '(' (40) 15 67 68 186 187 202 203
    ')' (41) 15 67 68 186 187 202 203
    '*' (42) 190
    '+' (43) 188
    ',' (44) 27 28 53 54 84 101 186 187 212 216 218
    '-' (45) 189 201
    '.' (46) 10
    '/' (47) 191
    ':' (58) 63
    ';' (59) 6 7 8 13 18 19 39 47 48 49 56 57 58 59 60 61 62 64 65 66 67 68 69 71 74 75 76 77 78 79 80 81 82 83 87 90 91 92 93 94 95 96 97 98 99 100 104 107 108 110 112 114 116 118 120 122 124 126 128 130 133 134 135 136 137 138
    '=' (61) 49 53 54
    '[' (91) 28 30 215
    ']' (93) 28 30 215
    '{' (123) 35 71 87 104 110 112 114 116 118 120 122 124 126 128 130
    '}' (125) 35 71 87 104 110 112 114 116 118 120 122 124 126 128 130
    error (256)
    ETOK (258)
    OR (259) 199
    AND (260) 200
    EQUAL (261) 197
    NOT_EQUAL (262) 198
    LESS (263) 193
    LESS_OR_EQUAL (264) 194
    GREATER (265) 68 195
    GREATER_OR_EQUAL (266) 83 98 196
    ARROW (267) 67
    UMINUS (268)
    STRING_LITERAL <string_val> (269) 69 75 76 78 79 90 91 99 133 186 187 207
    IDENTIFIER <string_val> (270) 9 10 12 15 27 28 29 30 56 57 63 67 68 69 71 83 87 98 104 107 108 110 112 114 116 118 120 122 124 126 128 130 139 145 203 214 215
    AI_INFER_BUILTIN <string_val> (271) 186
    GREENAI_REPORT_BUILTIN <string_val> (272) 187
    INT_LITERAL <int_val> (273) 28 30 83 95 96 97 98 107 135 205
    FLOAT_LITERAL <float_val> (274) 136 206
    READ (275) 58
    PRINT (276) 60
    GOTO (277) 56 57
    BREAK <break_statement> (278) 59
    WHILE (279)
    LOOP (280) 53 54 55
    ELSE (281) 52
    IF (282) 51 52 57
    DEF (283) 15
    INT (284) 20
    FLOAT (285) 21 163
    STRING (286) 23
    VOID (287) 24
    BOOL (288) 25
    DOUBLE (289) 22
    RETURN (290) 65 66
    CONTINUE (291) 47
    TRUE (292) 81 137 208
    FALSE (293) 82 138 209
    PACKAGE (294) 6
    MODULE (295) 7
    IMPORT (296) 8
    AS (297) 12
    MODEL (298) 71
    FORMAT (299) 74
    PATH (300) 75
    TASK (301) 76
    PRECISION (302) 77
    INPUT_SHAPE (303) 78
    OUTPUT_SHAPE (304) 79
    BACKEND_PREFERENCE (305) 80
    COMPACT (306) 81 82
    QUALITY_GUARDRAIL (307) 83 98 142
    GREENAI_CONTRACT_T (308) 87
    FUNCTIONAL_UNIT (309) 90 114 143
    SUCCESS_CRITERIA (310) 91
    BOUNDARY (311) 92 118 144
    MEASUREMENT_QUALITY (312) 93
    DATA_QUALITY (313) 94
    CARBON_FACTOR (314) 95 140
    ENERGY_BUDGET_J (315) 96
    CARBON_BUDGET_GCO2E (316) 97
    EVIDENCE_RETENTION (317) 99
    CLAIMS_MODE (318) 100
    EVIDENCE_ONLY (319) 100 150
    GREENAI_MEASURE (320) 104
    INFER (321) 67 68
    TENSOR (322) 69
    CERTIFICATION_PROFILE (323) 110
    CERTIFICATION (324) 112
    WORKLOAD (325) 116
    MEASUREMENT_PLAN (326) 120
    AI_LIFECYCLE (327) 122
    RAG_PIPELINE (328) 124
    TOKEN_BUDGET (329) 126
    MODEL_ROUTING (330) 128
    GUARDRAILS (331) 130
    INT8 (332) 157
    FP16 (333) 159
    FP32 (334) 160
    BF16 (335) 161
    INT4 (336) 158
    FP64 (337) 162
    ONNX (338) 152
    ENGINE (339) 153
    TORCHSCRIPT (340) 154
    OPENVINO_IR (341) 155
    GGUF (342) 156
    TENSORRT (343) 164
    ONNXRUNTIME_TENSORRT (344) 165
    ONNXRUNTIME_CUDA (345) 166
    ONNXRUNTIME_CPU (346) 167
    OPENVINO (347) 168
    LIBTORCH (348) 169
    LLAMACPP (349) 170
    FALLBACK (350) 141 151 171
    MQ1 (351) 172
    MQ2 (352) 173
    MQ3 (353) 174
    MQ4 (354) 175
    DQ1 (355) 176
    DQ2 (356) 177
    DQ3 (357) 178
    DQ4 (358) 179
    LOCATION (359) 95 149
    CI_CD (360) 184
    THIRDPARTY (361) 185
    ACCELERATOR (362) 181
    COMPUTE (363) 180
    STORAGE (364) 182
    NETWORK (365) 183


Nonterminals, with rules where they appear

    $accept (127)
        on left: 0
    PROGRAMME_RULE <program> (128)
        on left: 1
        on right: 0
    MODULE_PREAMBLE_RULE (129)
        on left: 2 3 4 5
        on right: 1 3 4 5
    PACKAGE_DECLARATION (130)
        on left: 6
        on right: 3
    MODULE_DECLARATION (131)
        on left: 7
        on right: 4
    IMPORT_DECLARATION (132)
        on left: 8
        on right: 5
    MODULE_PATH (133)
        on left: 9 10
        on right: 6 7 8 10
    IMPORT_ALIAS_OPT (134)
        on left: 11 12
        on right: 8
    FUNCTION_LIST_RULE <functions> (135)
        on left: 13 14
        on right: 1 13
    FUNCTION_RULE <function> (136)
        on left: 15
        on right: 13
    FUNCTION_PARAMETER_LIST_RULE <decl_block> (137)
        on left: 16 17
        on right: 15
    DECLARATION_STATEMENT_LIST_RULE <decl_block> (138)
        on left: 18 19
        on right: 1 16 18
    ShortType <type> (139)
        on left: 20 21 22 23 24 25
        on right: 15 26
    DECLARATION_STATEMENT_RULE <decl_block> (140)
        on left: 26
        on right: 18 19 39
    DECLARATION_VARIABLE_LIST_RULE <decl_block> (141)
        on left: 27 28 29 30 31
        on right: 26 27 28
    LOGIC_BLOCK <code_block> (142)
        on left: 32
        on right: 1
    TOP_LEVEL_STATEMENT_LIST_RULE <block_statement> (143)
        on left: 33 34
        on right: 32 33
    STATEMENT_BLOCK_RULE <block_statement> (144)
        on left: 35
        on right: 15 50 51 52 53 54 55
    STATEMENT_LIST_RULE <block_statement> (145)
        on left: 36 37
        on right: 35 36
    STATEMENT_RULE <statement> (146)
        on left: 38 39
        on right: 36 37
    EXECUTABLE_STATEMENT_RULE <statement> (147)
        on left: 40 41 42 43 44 45 46 47 48 49 50 51 52 53 54 55 56 57 58 59 60 61 62 63 64
        on right: 33 34 38
    RETURN_STATEMENT <return_statement> (148)
        on left: 65 66
        on right: 46
    INFER_STATEMENT <infer_statement> (149)
        on left: 67 68
        on right: 45
    TENSOR_DECLARATION <tensor_decl> (150)
        on left: 69
        on right: 41
    MODEL_DECLARATION <model_decl> (151)
        on left: 71
        on right: 40
    $@1 (152)
        on left: 70
        on right: 71
    MODEL_FIELD_LIST (153)
        on left: 72 73
        on right: 71 72
    MODEL_FIELD (154)
        on left: 74 75 76 77 78 79 80 81 82 83
        on right: 72
    BACKEND_LIST (155)
        on left: 84 85
        on right: 80 84
    GREENAI_CONTRACT <greenai_contract> (156)
        on left: 87
        on right: 42
    $@2 (157)
        on left: 86
        on right: 87
    CONTRACT_FIELD_LIST (158)
        on left: 88 89
        on right: 87 88
    CONTRACT_FIELD (159)
        on left: 90 91 92 93 94 95 96 97 98 99 100
        on right: 88
    BOUNDARY_LIST (160)
        on left: 101 102
        on right: 92 101
    GREENAI_MEASUREMENT <greenai_measure> (161)
        on left: 104
        on right: 43
    $@3 (162)
        on left: 103
        on right: 104
    MEASURE_FIELD_LIST (163)
        on left: 105 106
        on right: 104 105
    MEASURE_FIELD (164)
        on left: 107 108
        on right: 105
    C3ECO_DECLARATION <c3eco_decl> (165)
        on left: 110 112 114 116 118 120 122 124 126 128 130
        on right: 44
    $@4 (166)
        on left: 109
        on right: 110
    $@5 (167)
        on left: 111
        on right: 112
    $@6 (168)
        on left: 113
        on right: 114
    $@7 (169)
        on left: 115
        on right: 116
    $@8 (170)
        on left: 117
        on right: 118
    $@9 (171)
        on left: 119
        on right: 120
    $@10 (172)
        on left: 121
        on right: 122
    $@11 (173)
        on left: 123
        on right: 124
    $@12 (174)
        on left: 125
        on right: 126
    $@13 (175)
        on left: 127
        on right: 128
    $@14 (176)
        on left: 129
        on right: 130
    C3ECO_FIELD_LIST (177)
        on left: 131 132
        on right: 110 112 114 116 118 120 122 124 126 128 130 131
    C3ECO_FIELD (178)
        on left: 133 134 135 136 137 138
        on right: 131
    C3ECO_FIELD_NAME <string_val> (179)
        on left: 139 140 141 142 143 144
        on right: 133 134 135 136 137 138
    C3ECO_IDENTIFIER_VALUE <string_val> (180)
        on left: 145 146 147 148 149 150 151
        on right: 134
    FORMAT_NAME <string_val> (181)
        on left: 152 153 154 155 156
        on right: 74
    PRECISION_NAME <string_val> (182)
        on left: 157 158 159 160 161 162 163
        on right: 69 77
    BACKEND_NAME <string_val> (183)
        on left: 164 165 166 167 168 169 170 171
        on right: 84 85
    MQ_NAME <string_val> (184)
        on left: 172 173 174 175
        on right: 93 147
    DQ_NAME <string_val> (185)
        on left: 176 177 178 179
        on right: 94 148
    BOUNDARY_NAME <string_val> (186)
        on left: 180 181 182 183 184 185
        on right: 101 102 146
    AI_INFER_RULE <ai_infer> (187)
        on left: 186
        on right: 62
    GREENAI_REPORT_RULE <greenai_report> (188)
        on left: 187
        on right: 61
    EXPRESSION_RULE <expression> (189)
        on left: 188 189 190 191 192 193 194 195 196 197 198 199 200 201 202 203 204 205 206 207 208 209
        on right: 48 49 51 52 53 54 55 57 65 187 188 189 190 191 192 193 194 195 196 197 198 199 200 201 202 212 213 215 218 219
    EXPRESSION_LIST_OPT <expression_list> (190)
        on left: 210 211
        on right: 203
    EXPRESSION_LIST_RULE <expression_list> (191)
        on left: 212 213
        on right: 210 212
    VARIABLE_RULE <variable> (192)
        on left: 214 215
        on right: 49 53 54 204 216 217
    READ_VARIABLE_LIST_RULE <read_statement> (193)
        on left: 216 217
        on right: 58 216
    PRINT_VARIABLE_LIST_RULE <print_statement> (194)
        on left: 218 219
        on right: 60 218


State 0

    0 $accept: • PROGRAMME_RULE $end

    $default  reduce using rule 2 (MODULE_PREAMBLE_RULE)

    PROGRAMME_RULE        go to state 1
    MODULE_PREAMBLE_RULE  go to state 2


State 1

    0 $accept: PROGRAMME_RULE • $end

    $end  shift, and go to state 3


State 2

    1 PROGRAMME_RULE: MODULE_PREAMBLE_RULE • DECLARATION_STATEMENT_LIST_RULE FUNCTION_LIST_RULE LOGIC_BLOCK
    3 MODULE_PREAMBLE_RULE: MODULE_PREAMBLE_RULE • PACKAGE_DECLARATION
    4                     | MODULE_PREAMBLE_RULE • MODULE_DECLARATION
    5                     | MODULE_PREAMBLE_RULE • IMPORT_DECLARATION

    INT      shift, and go to state 4
    FLOAT    shift, and go to state 5
    STRING   shift, and go to state 6
    VOID     shift, and go to state 7
    BOOL     shift, and go to state 8
    DOUBLE   shift, and go to state 9
    PACKAGE  shift, and go to state 10
    MODULE   shift, and go to state 11
    IMPORT   shift, and go to state 12

    PACKAGE_DECLARATION              go to state 13
    MODULE_DECLARATION               go to state 14
    IMPORT_DECLARATION               go to state 15
    DECLARATION_STATEMENT_LIST_RULE  go to state 16
    ShortType                        go to state 17
    DECLARATION_STATEMENT_RULE       go to state 18


State 3

    0 $accept: PROGRAMME_RULE $end •

    $default  accept


State 4

   20 ShortType: INT •

    $default  reduce using rule 20 (ShortType)


State 5

   21 ShortType: FLOAT •

    $default  reduce using rule 21 (ShortType)


State 6

   23 ShortType: STRING •

    $default  reduce using rule 23 (ShortType)


State 7

   24 ShortType: VOID •

    $default  reduce using rule 24 (ShortType)


State 8

   25 ShortType: BOOL •

    $default  reduce using rule 25 (ShortType)


State 9

   22 ShortType: DOUBLE •

    $default  reduce using rule 22 (ShortType)


State 10

    6 PACKAGE_DECLARATION: PACKAGE • MODULE_PATH ';'

    IDENTIFIER  shift, and go to state 19

    MODULE_PATH  go to state 20


State 11

    7 MODULE_DECLARATION: MODULE • MODULE_PATH ';'

    IDENTIFIER  shift, and go to state 19

    MODULE_PATH  go to state 21


State 12

    8 IMPORT_DECLARATION: IMPORT • MODULE_PATH IMPORT_ALIAS_OPT ';'

    IDENTIFIER  shift, and go to state 19

    MODULE_PATH  go to state 22


State 13

    3 MODULE_PREAMBLE_RULE: MODULE_PREAMBLE_RULE PACKAGE_DECLARATION •

    $default  reduce using rule 3 (MODULE_PREAMBLE_RULE)


State 14

    4 MODULE_PREAMBLE_RULE: MODULE_PREAMBLE_RULE MODULE_DECLARATION •

    $default  reduce using rule 4 (MODULE_PREAMBLE_RULE)


State 15

    5 MODULE_PREAMBLE_RULE: MODULE_PREAMBLE_RULE IMPORT_DECLARATION •

    $default  reduce using rule 5 (MODULE_PREAMBLE_RULE)


State 16

    1 PROGRAMME_RULE: MODULE_PREAMBLE_RULE DECLARATION_STATEMENT_LIST_RULE • FUNCTION_LIST_RULE LOGIC_BLOCK
   18 DECLARATION_STATEMENT_LIST_RULE: DECLARATION_STATEMENT_LIST_RULE • DECLARATION_STATEMENT_RULE ';'

    INT     shift, and go to state 4
    FLOAT   shift, and go to state 5
    STRING  shift, and go to state 6
    VOID    shift, and go to state 7
    BOOL    shift, and go to state 8
    DOUBLE  shift, and go to state 9

    $default  reduce using rule 14 (FUNCTION_LIST_RULE)

    FUNCTION_LIST_RULE          go to state 23
    ShortType                   go to state 17
    DECLARATION_STATEMENT_RULE  go to state 24


State 17

   26 DECLARATION_STATEMENT_RULE: ShortType • DECLARATION_VARIABLE_LIST_RULE

    IDENTIFIER  shift, and go to state 25

    $default  reduce using rule 31 (DECLARATION_VARIABLE_LIST_RULE)

    DECLARATION_VARIABLE_LIST_RULE  go to state 26


State 18

   19 DECLARATION_STATEMENT_LIST_RULE: DECLARATION_STATEMENT_RULE • ';'

    ';'  shift, and go to state 27


State 19

    9 MODULE_PATH: IDENTIFIER •

    $default  reduce using rule 9 (MODULE_PATH)


State 20

    6 PACKAGE_DECLARATION: PACKAGE MODULE_PATH • ';'
   10 MODULE_PATH: MODULE_PATH • '.' IDENTIFIER

    ';'  shift, and go to state 28
    '.'  shift, and go to state 29


State 21

    7 MODULE_DECLARATION: MODULE MODULE_PATH • ';'
   10 MODULE_PATH: MODULE_PATH • '.' IDENTIFIER

    ';'  shift, and go to state 30
    '.'  shift, and go to state 29


State 22

    8 IMPORT_DECLARATION: IMPORT MODULE_PATH • IMPORT_ALIAS_OPT ';'
   10 MODULE_PATH: MODULE_PATH • '.' IDENTIFIER

    AS   shift, and go to state 31
    '.'  shift, and go to state 29

    $default  reduce using rule 11 (IMPORT_ALIAS_OPT)

    IMPORT_ALIAS_OPT  go to state 32


State 23

    1 PROGRAMME_RULE: MODULE_PREAMBLE_RULE DECLARATION_STATEMENT_LIST_RULE FUNCTION_LIST_RULE • LOGIC_BLOCK
   13 FUNCTION_LIST_RULE: FUNCTION_LIST_RULE • FUNCTION_RULE ';'

    '-'                     shift, and go to state 33
    STRING_LITERAL          shift, and go to state 34
    IDENTIFIER              shift, and go to state 35
    AI_INFER_BUILTIN        shift, and go to state 36
    GREENAI_REPORT_BUILTIN  shift, and go to state 37
    INT_LITERAL             shift, and go to state 38
    FLOAT_LITERAL           shift, and go to state 39
    READ                    shift, and go to state 40
    PRINT                   shift, and go to state 41
    GOTO                    shift, and go to state 42
    BREAK                   shift, and go to state 43
    LOOP                    shift, and go to state 44
    IF                      shift, and go to state 45
    DEF                     shift, and go to state 46
    RETURN                  shift, and go to state 47
    CONTINUE                shift, and go to state 48
    TRUE                    shift, and go to state 49
    FALSE                   shift, and go to state 50
    MODEL                   shift, and go to state 51
    GREENAI_CONTRACT_T      shift, and go to state 52
    FUNCTIONAL_UNIT         shift, and go to state 53
    BOUNDARY                shift, and go to state 54
    GREENAI_MEASURE         shift, and go to state 55
    INFER                   shift, and go to state 56
    TENSOR                  shift, and go to state 57
    CERTIFICATION_PROFILE   shift, and go to state 58
    CERTIFICATION           shift, and go to state 59
    WORKLOAD                shift, and go to state 60
    MEASUREMENT_PLAN        shift, and go to state 61
    AI_LIFECYCLE            shift, and go to state 62
    RAG_PIPELINE            shift, and go to state 63
    TOKEN_BUDGET            shift, and go to state 64
    MODEL_ROUTING           shift, and go to state 65
    GUARDRAILS              shift, and go to state 66
    ';'                     shift, and go to state 67
    '('                     shift, and go to state 68
    '{'                     shift, and go to state 69

    FUNCTION_RULE                  go to state 70
    LOGIC_BLOCK                    go to state 71
    TOP_LEVEL_STATEMENT_LIST_RULE  go to state 72
    STATEMENT_BLOCK_RULE           go to state 73
    EXECUTABLE_STATEMENT_RULE      go to state 74
    RETURN_STATEMENT               go to state 75
    INFER_STATEMENT                go to state 76
    TENSOR_DECLARATION             go to state 77
    MODEL_DECLARATION              go to state 78
    GREENAI_CONTRACT               go to state 79
    GREENAI_MEASUREMENT            go to state 80
    C3ECO_DECLARATION              go to state 81
    AI_INFER_RULE                  go to state 82
    GREENAI_REPORT_RULE            go to state 83
    EXPRESSION_RULE                go to state 84
    VARIABLE_RULE                  go to state 85


State 24

   18 DECLARATION_STATEMENT_LIST_RULE: DECLARATION_STATEMENT_LIST_RULE DECLARATION_STATEMENT_RULE • ';'

    ';'  shift, and go to state 86


State 25

   29 DECLARATION_VARIABLE_LIST_RULE: IDENTIFIER •
   30                               | IDENTIFIER • '[' INT_LITERAL ']'

    '['  shift, and go to state 87

    $default  reduce using rule 29 (DECLARATION_VARIABLE_LIST_RULE)


State 26

   26 DECLARATION_STATEMENT_RULE: ShortType DECLARATION_VARIABLE_LIST_RULE •
   27 DECLARATION_VARIABLE_LIST_RULE: DECLARATION_VARIABLE_LIST_RULE • ',' IDENTIFIER
   28                               | DECLARATION_VARIABLE_LIST_RULE • ',' IDENTIFIER '[' INT_LITERAL ']'

    ','  shift, and go to state 88

    $default  reduce using rule 26 (DECLARATION_STATEMENT_RULE)


State 27

   19 DECLARATION_STATEMENT_LIST_RULE: DECLARATION_STATEMENT_RULE ';' •

    $default  reduce using rule 19 (DECLARATION_STATEMENT_LIST_RULE)


State 28

    6 PACKAGE_DECLARATION: PACKAGE MODULE_PATH ';' •

    $default  reduce using rule 6 (PACKAGE_DECLARATION)


State 29

   10 MODULE_PATH: MODULE_PATH '.' • IDENTIFIER

    IDENTIFIER  shift, and go to state 89


State 30

    7 MODULE_DECLARATION: MODULE MODULE_PATH ';' •

    $default  reduce using rule 7 (MODULE_DECLARATION)


State 31

   12 IMPORT_ALIAS_OPT: AS • IDENTIFIER

    IDENTIFIER  shift, and go to state 90


State 32

    8 IMPORT_DECLARATION: IMPORT MODULE_PATH IMPORT_ALIAS_OPT • ';'

    ';'  shift, and go to state 91


State 33

  201 EXPRESSION_RULE: '-' • EXPRESSION_RULE

    '-'             shift, and go to state 33
    STRING_LITERAL  shift, and go to state 34
    IDENTIFIER      shift, and go to state 92
    INT_LITERAL     shift, and go to state 38
    FLOAT_LITERAL   shift, and go to state 39
    TRUE            shift, and go to state 49
    FALSE           shift, and go to state 50
    '('             shift, and go to state 68

    EXPRESSION_RULE  go to state 93
    VARIABLE_RULE    go to state 94


State 34

  207 EXPRESSION_RULE: STRING_LITERAL •

    $default  reduce using rule 207 (EXPRESSION_RULE)


State 35

   63 EXECUTABLE_STATEMENT_RULE: IDENTIFIER • ':'
  203 EXPRESSION_RULE: IDENTIFIER • '(' EXPRESSION_LIST_OPT ')'
  214 VARIABLE_RULE: IDENTIFIER •
  215              | IDENTIFIER • '[' EXPRESSION_RULE ']'

    '('  shift, and go to state 95
    '['  shift, and go to state 96
    ':'  shift, and go to state 97

    $default  reduce using rule 214 (VARIABLE_RULE)


State 36

  186 AI_INFER_RULE: AI_INFER_BUILTIN • '(' STRING_LITERAL ',' STRING_LITERAL ',' STRING_LITERAL ')'

    '('  shift, and go to state 98


State 37

  187 GREENAI_REPORT_RULE: GREENAI_REPORT_BUILTIN • '(' STRING_LITERAL ',' EXPRESSION_RULE ',' EXPRESSION_RULE ',' EXPRESSION_RULE ')'

    '('  shift, and go to state 99


State 38

  205 EXPRESSION_RULE: INT_LITERAL •

    $default  reduce using rule 205 (EXPRESSION_RULE)


State 39

  206 EXPRESSION_RULE: FLOAT_LITERAL •

    $default  reduce using rule 206 (EXPRESSION_RULE)


State 40

   58 EXECUTABLE_STATEMENT_RULE: READ • READ_VARIABLE_LIST_RULE ';'

    IDENTIFIER  shift, and go to state 100

    VARIABLE_RULE            go to state 101
    READ_VARIABLE_LIST_RULE  go to state 102


State 41

   60 EXECUTABLE_STATEMENT_RULE: PRINT • PRINT_VARIABLE_LIST_RULE ';'

    '-'             shift, and go to state 33
    STRING_LITERAL  shift, and go to state 34
    IDENTIFIER      shift, and go to state 92
    INT_LITERAL     shift, and go to state 38
    FLOAT_LITERAL   shift, and go to state 39
    TRUE            shift, and go to state 49
    FALSE           shift, and go to state 50
    '('             shift, and go to state 68

    EXPRESSION_RULE           go to state 103
    VARIABLE_RULE             go to state 94
    PRINT_VARIABLE_LIST_RULE  go to state 104


State 42

   56 EXECUTABLE_STATEMENT_RULE: GOTO • IDENTIFIER ';'
   57                          | GOTO • IDENTIFIER IF EXPRESSION_RULE ';'

    IDENTIFIER  shift, and go to state 105


State 43

   59 EXECUTABLE_STATEMENT_RULE: BREAK • ';'

    ';'  shift, and go to state 106


State 44

   53 EXECUTABLE_STATEMENT_RULE: LOOP • VARIABLE_RULE '=' EXPRESSION_RULE ',' EXPRESSION_RULE STATEMENT_BLOCK_RULE
   54                          | LOOP • VARIABLE_RULE '=' EXPRESSION_RULE ',' EXPRESSION_RULE ',' EXPRESSION_RULE STATEMENT_BLOCK_RULE
   55                          | LOOP • EXPRESSION_RULE STATEMENT_BLOCK_RULE

    '-'             shift, and go to state 33
    STRING_LITERAL  shift, and go to state 34
    IDENTIFIER      shift, and go to state 92
    INT_LITERAL     shift, and go to state 38
    FLOAT_LITERAL   shift, and go to state 39
    TRUE            shift, and go to state 49
    FALSE           shift, and go to state 50
    '('             shift, and go to state 68

    EXPRESSION_RULE  go to state 107
    VARIABLE_RULE    go to state 108


State 45

   51 EXECUTABLE_STATEMENT_RULE: IF • EXPRESSION_RULE STATEMENT_BLOCK_RULE
   52                          | IF • EXPRESSION_RULE STATEMENT_BLOCK_RULE ELSE STATEMENT_BLOCK_RULE

    '-'             shift, and go to state 33
    STRING_LITERAL  shift, and go to state 34
    IDENTIFIER      shift, and go to state 92
    INT_LITERAL     shift, and go to state 38
    FLOAT_LITERAL   shift, and go to state 39
    TRUE            shift, and go to state 49
    FALSE           shift, and go to state 50
    '('             shift, and go to state 68

    EXPRESSION_RULE  go to state 109
    VARIABLE_RULE    go to state 94


State 46

   15 FUNCTION_RULE: DEF • ShortType IDENTIFIER '(' FUNCTION_PARAMETER_LIST_RULE ')' STATEMENT_BLOCK_RULE

    INT     shift, and go to state 4
    FLOAT   shift, and go to state 5
    STRING  shift, and go to state 6
    VOID    shift, and go to state 7
    BOOL    shift, and go to state 8
    DOUBLE  shift, and go to state 9

    ShortType  go to state 110


State 47

   65 RETURN_STATEMENT: RETURN • EXPRESSION_RULE ';'
   66                 | RETURN • ';'

    '-'             shift, and go to state 33
    STRING_LITERAL  shift, and go to state 34
    IDENTIFIER      shift, and go to state 92
    INT_LITERAL     shift, and go to state 38
    FLOAT_LITERAL   shift, and go to state 39
    TRUE            shift, and go to state 49
    FALSE           shift, and go to state 50
    ';'             shift, and go to state 111
    '('             shift, and go to state 68

    EXPRESSION_RULE  go to state 112
    VARIABLE_RULE    go to state 94


State 48

   47 EXECUTABLE_STATEMENT_RULE: CONTINUE • ';'

    ';'  shift, and go to state 113


State 49

  208 EXPRESSION_RULE: TRUE •

    $default  reduce using rule 208 (EXPRESSION_RULE)


State 50

  209 EXPRESSION_RULE: FALSE •

    $default  reduce using rule 209 (EXPRESSION_RULE)


State 51

   71 MODEL_DECLARATION: MODEL • IDENTIFIER '{' $@1 MODEL_FIELD_LIST '}' ';'

    IDENTIFIER  shift, and go to state 114


State 52

   87 GREENAI_CONTRACT: GREENAI_CONTRACT_T • IDENTIFIER '{' $@2 CONTRACT_FIELD_LIST '}' ';'

    IDENTIFIER  shift, and go to state 115


State 53

  114 C3ECO_DECLARATION: FUNCTIONAL_UNIT • IDENTIFIER '{' $@6 C3ECO_FIELD_LIST '}' ';'

    IDENTIFIER  shift, and go to state 116


State 54

  118 C3ECO_DECLARATION: BOUNDARY • IDENTIFIER '{' $@8 C3ECO_FIELD_LIST '}' ';'

    IDENTIFIER  shift, and go to state 117


State 55

  104 GREENAI_MEASUREMENT: GREENAI_MEASURE • IDENTIFIER '{' $@3 MEASURE_FIELD_LIST '}' ';'

    IDENTIFIER  shift, and go to state 118


State 56

   67 INFER_STATEMENT: INFER • IDENTIFIER '(' IDENTIFIER ')' ARROW IDENTIFIER ';'
   68                | INFER • IDENTIFIER '(' IDENTIFIER ')' GREATER IDENTIFIER ';'

    IDENTIFIER  shift, and go to state 119


State 57

   69 TENSOR_DECLARATION: TENSOR • IDENTIFIER PRECISION_NAME STRING_LITERAL ';'

    IDENTIFIER  shift, and go to state 120


State 58

  110 C3ECO_DECLARATION: CERTIFICATION_PROFILE • IDENTIFIER '{' $@4 C3ECO_FIELD_LIST '}' ';'

    IDENTIFIER  shift, and go to state 121


State 59

  112 C3ECO_DECLARATION: CERTIFICATION • IDENTIFIER '{' $@5 C3ECO_FIELD_LIST '}' ';'

    IDENTIFIER  shift, and go to state 122


State 60

  116 C3ECO_DECLARATION: WORKLOAD • IDENTIFIER '{' $@7 C3ECO_FIELD_LIST '}' ';'

    IDENTIFIER  shift, and go to state 123


State 61

  120 C3ECO_DECLARATION: MEASUREMENT_PLAN • IDENTIFIER '{' $@9 C3ECO_FIELD_LIST '}' ';'

    IDENTIFIER  shift, and go to state 124


State 62

  122 C3ECO_DECLARATION: AI_LIFECYCLE • IDENTIFIER '{' $@10 C3ECO_FIELD_LIST '}' ';'

    IDENTIFIER  shift, and go to state 125


State 63

  124 C3ECO_DECLARATION: RAG_PIPELINE • IDENTIFIER '{' $@11 C3ECO_FIELD_LIST '}' ';'

    IDENTIFIER  shift, and go to state 126


State 64

  126 C3ECO_DECLARATION: TOKEN_BUDGET • IDENTIFIER '{' $@12 C3ECO_FIELD_LIST '}' ';'

    IDENTIFIER  shift, and go to state 127


State 65

  128 C3ECO_DECLARATION: MODEL_ROUTING • IDENTIFIER '{' $@13 C3ECO_FIELD_LIST '}' ';'

    IDENTIFIER  shift, and go to state 128


State 66

  130 C3ECO_DECLARATION: GUARDRAILS • IDENTIFIER '{' $@14 C3ECO_FIELD_LIST '}' ';'

    IDENTIFIER  shift, and go to state 129


State 67

   64 EXECUTABLE_STATEMENT_RULE: ';' •

    $default  reduce using rule 64 (EXECUTABLE_STATEMENT_RULE)


State 68

  202 EXPRESSION_RULE: '(' • EXPRESSION_RULE ')'

    '-'             shift, and go to state 33
    STRING_LITERAL  shift, and go to state 34
    IDENTIFIER      shift, and go to state 92
    INT_LITERAL     shift, and go to state 38
    FLOAT_LITERAL   shift, and go to state 39
    TRUE            shift, and go to state 49
    FALSE           shift, and go to state 50
    '('             shift, and go to state 68

    EXPRESSION_RULE  go to state 130
    VARIABLE_RULE    go to state 94


State 69

   35 STATEMENT_BLOCK_RULE: '{' • STATEMENT_LIST_RULE '}'

    '-'                     shift, and go to state 33
    STRING_LITERAL          shift, and go to state 34
    IDENTIFIER              shift, and go to state 35
    AI_INFER_BUILTIN        shift, and go to state 36
    GREENAI_REPORT_BUILTIN  shift, and go to state 37
    INT_LITERAL             shift, and go to state 38
    FLOAT_LITERAL           shift, and go to state 39
    READ                    shift, and go to state 40
    PRINT                   shift, and go to state 41
    GOTO                    shift, and go to state 42
    BREAK                   shift, and go to state 43
    LOOP                    shift, and go to state 44
    IF                      shift, and go to state 45
    INT                     shift, and go to state 4
    FLOAT                   shift, and go to state 5
    STRING                  shift, and go to state 6
    VOID                    shift, and go to state 7
    BOOL                    shift, and go to state 8
    DOUBLE                  shift, and go to state 9
    RETURN                  shift, and go to state 47
    CONTINUE                shift, and go to state 48
    TRUE                    shift, and go to state 49
    FALSE                   shift, and go to state 50
    MODEL                   shift, and go to state 51
    GREENAI_CONTRACT_T      shift, and go to state 52
    FUNCTIONAL_UNIT         shift, and go to state 53
    BOUNDARY                shift, and go to state 54
    GREENAI_MEASURE         shift, and go to state 55
    INFER                   shift, and go to state 56
    TENSOR                  shift, and go to state 57
    CERTIFICATION_PROFILE   shift, and go to state 58
    CERTIFICATION           shift, and go to state 59
    WORKLOAD                shift, and go to state 60
    MEASUREMENT_PLAN        shift, and go to state 61
    AI_LIFECYCLE            shift, and go to state 62
    RAG_PIPELINE            shift, and go to state 63
    TOKEN_BUDGET            shift, and go to state 64
    MODEL_ROUTING           shift, and go to state 65
    GUARDRAILS              shift, and go to state 66
    ';'                     shift, and go to state 67
    '('                     shift, and go to state 68
    '{'                     shift, and go to state 69

    ShortType                   go to state 17
    DECLARATION_STATEMENT_RULE  go to state 131
    STATEMENT_BLOCK_RULE        go to state 73
    STATEMENT_LIST_RULE         go to state 132
    STATEMENT_RULE              go to state 133
    EXECUTABLE_STATEMENT_RULE   go to state 134
    RETURN_STATEMENT            go to state 75
    INFER_STATEMENT             go to state 76
    TENSOR_DECLARATION          go to state 77
    MODEL_DECLARATION           go to state 78
    GREENAI_CONTRACT            go to state 79
    GREENAI_MEASUREMENT         go to state 80
    C3ECO_DECLARATION           go to state 81
    AI_INFER_RULE               go to state 82
    GREENAI_REPORT_RULE         go to state 83
    EXPRESSION_RULE             go to state 84
    VARIABLE_RULE               go to state 85


State 70

   13 FUNCTION_LIST_RULE: FUNCTION_LIST_RULE FUNCTION_RULE • ';'

    ';'  shift, and go to state 135


State 71

    1 PROGRAMME_RULE: MODULE_PREAMBLE_RULE DECLARATION_STATEMENT_LIST_RULE FUNCTION_LIST_RULE LOGIC_BLOCK •

    $default  reduce using rule 1 (PROGRAMME_RULE)


State 72

   32 LOGIC_BLOCK: TOP_LEVEL_STATEMENT_LIST_RULE •
   33 TOP_LEVEL_STATEMENT_LIST_RULE: TOP_LEVEL_STATEMENT_LIST_RULE • EXECUTABLE_STATEMENT_RULE

    '-'                     shift, and go to state 33
    STRING_LITERAL          shift, and go to state 34
    IDENTIFIER              shift, and go to state 35
    AI_INFER_BUILTIN        shift, and go to state 36
    GREENAI_REPORT_BUILTIN  shift, and go to state 37
    INT_LITERAL             shift, and go to state 38
    FLOAT_LITERAL           shift, and go to state 39
    READ                    shift, and go to state 40
    PRINT                   shift, and go to state 41
    GOTO                    shift, and go to state 42
    BREAK                   shift, and go to state 43
    LOOP                    shift, and go to state 44
    IF                      shift, and go to state 45
    RETURN                  shift, and go to state 47
    CONTINUE                shift, and go to state 48
    TRUE                    shift, and go to state 49
    FALSE                   shift, and go to state 50
    MODEL                   shift, and go to state 51
    GREENAI_CONTRACT_T      shift, and go to state 52
    FUNCTIONAL_UNIT         shift, and go to state 53
    BOUNDARY                shift, and go to state 54
    GREENAI_MEASURE         shift, and go to state 55
    INFER                   shift, and go to state 56
    TENSOR                  shift, and go to state 57
    CERTIFICATION_PROFILE   shift, and go to state 58
    CERTIFICATION           shift, and go to state 59
    WORKLOAD                shift, and go to state 60
    MEASUREMENT_PLAN        shift, and go to state 61
    AI_LIFECYCLE            shift, and go to state 62
    RAG_PIPELINE            shift, and go to state 63
    TOKEN_BUDGET            shift, and go to state 64
    MODEL_ROUTING           shift, and go to state 65
    GUARDRAILS              shift, and go to state 66
    ';'                     shift, and go to state 67
    '('                     shift, and go to state 68
    '{'                     shift, and go to state 69

    $default  reduce using rule 32 (LOGIC_BLOCK)

    STATEMENT_BLOCK_RULE       go to state 73
    EXECUTABLE_STATEMENT_RULE  go to state 136
    RETURN_STATEMENT           go to state 75
    INFER_STATEMENT            go to state 76
    TENSOR_DECLARATION         go to state 77
    MODEL_DECLARATION          go to state 78
    GREENAI_CONTRACT           go to state 79
    GREENAI_MEASUREMENT        go to state 80
    C3ECO_DECLARATION          go to state 81
    AI_INFER_RULE              go to state 82
    GREENAI_REPORT_RULE        go to state 83
    EXPRESSION_RULE            go to state 84
    VARIABLE_RULE              go to state 85


State 73

   50 EXECUTABLE_STATEMENT_RULE: STATEMENT_BLOCK_RULE •

    $default  reduce using rule 50 (EXECUTABLE_STATEMENT_RULE)


State 74

   34 TOP_LEVEL_STATEMENT_LIST_RULE: EXECUTABLE_STATEMENT_RULE •

    $default  reduce using rule 34 (TOP_LEVEL_STATEMENT_LIST_RULE)


State 75

   46 EXECUTABLE_STATEMENT_RULE: RETURN_STATEMENT •

    $default  reduce using rule 46 (EXECUTABLE_STATEMENT_RULE)


State 76

   45 EXECUTABLE_STATEMENT_RULE: INFER_STATEMENT •

    $default  reduce using rule 45 (EXECUTABLE_STATEMENT_RULE)


State 77

   41 EXECUTABLE_STATEMENT_RULE: TENSOR_DECLARATION •

    $default  reduce using rule 41 (EXECUTABLE_STATEMENT_RULE)


State 78

   40 EXECUTABLE_STATEMENT_RULE: MODEL_DECLARATION •

    $default  reduce using rule 40 (EXECUTABLE_STATEMENT_RULE)


State 79

   42 EXECUTABLE_STATEMENT_RULE: GREENAI_CONTRACT •

    $default  reduce using rule 42 (EXECUTABLE_STATEMENT_RULE)


State 80

   43 EXECUTABLE_STATEMENT_RULE: GREENAI_MEASUREMENT •

    $default  reduce using rule 43 (EXECUTABLE_STATEMENT_RULE)


State 81

   44 EXECUTABLE_STATEMENT_RULE: C3ECO_DECLARATION •

    $default  reduce using rule 44 (EXECUTABLE_STATEMENT_RULE)


State 82

   62 EXECUTABLE_STATEMENT_RULE: AI_INFER_RULE • ';'

    ';'  shift, and go to state 137


State 83

   61 EXECUTABLE_STATEMENT_RULE: GREENAI_REPORT_RULE • ';'

    ';'  shift, and go to state 138


State 84

   48 EXECUTABLE_STATEMENT_RULE: EXPRESSION_RULE • ';'
  188 EXPRESSION_RULE: EXPRESSION_RULE • '+' EXPRESSION_RULE
  189                | EXPRESSION_RULE • '-' EXPRESSION_RULE
  190                | EXPRESSION_RULE • '*' EXPRESSION_RULE
  191                | EXPRESSION_RULE • '/' EXPRESSION_RULE
  192                | EXPRESSION_RULE • '%' EXPRESSION_RULE
  193                | EXPRESSION_RULE • LESS EXPRESSION_RULE
  194                | EXPRESSION_RULE • LESS_OR_EQUAL EXPRESSION_RULE
  195                | EXPRESSION_RULE • GREATER EXPRESSION_RULE
  196                | EXPRESSION_RULE • GREATER_OR_EQUAL EXPRESSION_RULE
  197                | EXPRESSION_RULE • EQUAL EXPRESSION_RULE
  198                | EXPRESSION_RULE • NOT_EQUAL EXPRESSION_RULE
  199                | EXPRESSION_RULE • OR EXPRESSION_RULE
  200                | EXPRESSION_RULE • AND EXPRESSION_RULE

    OR                shift, and go to state 139
    AND               shift, and go to state 140
    EQUAL             shift, and go to state 141
    NOT_EQUAL         shift, and go to state 142
    LESS              shift, and go to state 143
    LESS_OR_EQUAL     shift, and go to state 144
    GREATER           shift, and go to state 145
    GREATER_OR_EQUAL  shift, and go to state 146
    '+'               shift, and go to state 147
    '-'               shift, and go to state 148
    '*'               shift, and go to state 149
    '/'               shift, and go to state 150
    '%'               shift, and go to state 151
    ';'               shift, and go to state 152


State 85

   49 EXECUTABLE_STATEMENT_RULE: VARIABLE_RULE • '=' EXPRESSION_RULE ';'
  204 EXPRESSION_RULE: VARIABLE_RULE •

    '='  shift, and go to state 153

    $default  reduce using rule 204 (EXPRESSION_RULE)


State 86

   18 DECLARATION_STATEMENT_LIST_RULE: DECLARATION_STATEMENT_LIST_RULE DECLARATION_STATEMENT_RULE ';' •

    $default  reduce using rule 18 (DECLARATION_STATEMENT_LIST_RULE)


State 87

   30 DECLARATION_VARIABLE_LIST_RULE: IDENTIFIER '[' • INT_LITERAL ']'

    INT_LITERAL  shift, and go to state 154


State 88

   27 DECLARATION_VARIABLE_LIST_RULE: DECLARATION_VARIABLE_LIST_RULE ',' • IDENTIFIER
   28                               | DECLARATION_VARIABLE_LIST_RULE ',' • IDENTIFIER '[' INT_LITERAL ']'

    IDENTIFIER  shift, and go to state 155


State 89

   10 MODULE_PATH: MODULE_PATH '.' IDENTIFIER •

    $default  reduce using rule 10 (MODULE_PATH)


State 90

   12 IMPORT_ALIAS_OPT: AS IDENTIFIER •

    $default  reduce using rule 12 (IMPORT_ALIAS_OPT)


State 91

    8 IMPORT_DECLARATION: IMPORT MODULE_PATH IMPORT_ALIAS_OPT ';' •

    $default  reduce using rule 8 (IMPORT_DECLARATION)


State 92

  203 EXPRESSION_RULE: IDENTIFIER • '(' EXPRESSION_LIST_OPT ')'
  214 VARIABLE_RULE: IDENTIFIER •
  215              | IDENTIFIER • '[' EXPRESSION_RULE ']'

    '('  shift, and go to state 95
    '['  shift, and go to state 96

    $default  reduce using rule 214 (VARIABLE_RULE)


State 93

  188 EXPRESSION_RULE: EXPRESSION_RULE • '+' EXPRESSION_RULE
  189                | EXPRESSION_RULE • '-' EXPRESSION_RULE
  190                | EXPRESSION_RULE • '*' EXPRESSION_RULE
  191                | EXPRESSION_RULE • '/' EXPRESSION_RULE
  192                | EXPRESSION_RULE • '%' EXPRESSION_RULE
  193                | EXPRESSION_RULE • LESS EXPRESSION_RULE
  194                | EXPRESSION_RULE • LESS_OR_EQUAL EXPRESSION_RULE
  195                | EXPRESSION_RULE • GREATER EXPRESSION_RULE
  196                | EXPRESSION_RULE • GREATER_OR_EQUAL EXPRESSION_RULE
  197                | EXPRESSION_RULE • EQUAL EXPRESSION_RULE
  198                | EXPRESSION_RULE • NOT_EQUAL EXPRESSION_RULE
  199                | EXPRESSION_RULE • OR EXPRESSION_RULE
  200                | EXPRESSION_RULE • AND EXPRESSION_RULE
  201                | '-' EXPRESSION_RULE •

    $default  reduce using rule 201 (EXPRESSION_RULE)


State 94

  204 EXPRESSION_RULE: VARIABLE_RULE •

    $default  reduce using rule 204 (EXPRESSION_RULE)


State 95

  203 EXPRESSION_RULE: IDENTIFIER '(' • EXPRESSION_LIST_OPT ')'

    '-'             shift, and go to state 33
    STRING_LITERAL  shift, and go to state 34
    IDENTIFIER      shift, and go to state 92
    INT_LITERAL     shift, and go to state 38
    FLOAT_LITERAL   shift, and go to state 39
    TRUE            shift, and go to state 49
    FALSE           shift, and go to state 50
    '('             shift, and go to state 68

    $default  reduce using rule 211 (EXPRESSION_LIST_OPT)

    EXPRESSION_RULE       go to state 156
    EXPRESSION_LIST_OPT   go to state 157
    EXPRESSION_LIST_RULE  go to state 158
    VARIABLE_RULE         go to state 94


State 96

  215 VARIABLE_RULE: IDENTIFIER '[' • EXPRESSION_RULE ']'

    '-'             shift, and go to state 33
    STRING_LITERAL  shift, and go to state 34
    IDENTIFIER      shift, and go to state 92
    INT_LITERAL     shift, and go to state 38
    FLOAT_LITERAL   shift, and go to state 39
    TRUE            shift, and go to state 49
    FALSE           shift, and go to state 50
    '('             shift, and go to state 68

    EXPRESSION_RULE  go to state 159
    VARIABLE_RULE    go to state 94


State 97

   63 EXECUTABLE_STATEMENT_RULE: IDENTIFIER ':' •

    $default  reduce using rule 63 (EXECUTABLE_STATEMENT_RULE)


State 98

  186 AI_INFER_RULE: AI_INFER_BUILTIN '(' • STRING_LITERAL ',' STRING_LITERAL ',' STRING_LITERAL ')'

    STRING_LITERAL  shift, and go to state 160


State 99

  187 GREENAI_REPORT_RULE: GREENAI_REPORT_BUILTIN '(' • STRING_LITERAL ',' EXPRESSION_RULE ',' EXPRESSION_RULE ',' EXPRESSION_RULE ')'

    STRING_LITERAL  shift, and go to state 161


State 100

  214 VARIABLE_RULE: IDENTIFIER •
  215              | IDENTIFIER • '[' EXPRESSION_RULE ']'

    '['  shift, and go to state 96

    $default  reduce using rule 214 (VARIABLE_RULE)


State 101

  217 READ_VARIABLE_LIST_RULE: VARIABLE_RULE •

    $default  reduce using rule 217 (READ_VARIABLE_LIST_RULE)


State 102

   58 EXECUTABLE_STATEMENT_RULE: READ READ_VARIABLE_LIST_RULE • ';'
  216 READ_VARIABLE_LIST_RULE: READ_VARIABLE_LIST_RULE • ',' VARIABLE_RULE

    ';'  shift, and go to state 162
    ','  shift, and go to state 163


State 103

  188 EXPRESSION_RULE: EXPRESSION_RULE • '+' EXPRESSION_RULE
  189                | EXPRESSION_RULE • '-' EXPRESSION_RULE
  190                | EXPRESSION_RULE • '*' EXPRESSION_RULE
  191                | EXPRESSION_RULE • '/' EXPRESSION_RULE
  192                | EXPRESSION_RULE • '%' EXPRESSION_RULE
  193                | EXPRESSION_RULE • LESS EXPRESSION_RULE
  194                | EXPRESSION_RULE • LESS_OR_EQUAL EXPRESSION_RULE
  195                | EXPRESSION_RULE • GREATER EXPRESSION_RULE
  196                | EXPRESSION_RULE • GREATER_OR_EQUAL EXPRESSION_RULE
  197                | EXPRESSION_RULE • EQUAL EXPRESSION_RULE
  198                | EXPRESSION_RULE • NOT_EQUAL EXPRESSION_RULE
  199                | EXPRESSION_RULE • OR EXPRESSION_RULE
  200                | EXPRESSION_RULE • AND EXPRESSION_RULE
  219 PRINT_VARIABLE_LIST_RULE: EXPRESSION_RULE •

    OR                shift, and go to state 139
    AND               shift, and go to state 140
    EQUAL             shift, and go to state 141
    NOT_EQUAL         shift, and go to state 142
    LESS              shift, and go to state 143
    LESS_OR_EQUAL     shift, and go to state 144
    GREATER           shift, and go to state 145
    GREATER_OR_EQUAL  shift, and go to state 146
    '+'               shift, and go to state 147
    '-'               shift, and go to state 148
    '*'               shift, and go to state 149
    '/'               shift, and go to state 150
    '%'               shift, and go to state 151

    $default  reduce using rule 219 (PRINT_VARIABLE_LIST_RULE)


State 104

   60 EXECUTABLE_STATEMENT_RULE: PRINT PRINT_VARIABLE_LIST_RULE • ';'
  218 PRINT_VARIABLE_LIST_RULE: PRINT_VARIABLE_LIST_RULE • ',' EXPRESSION_RULE

    ';'  shift, and go to state 164
    ','  shift, and go to state 165


State 105

   56 EXECUTABLE_STATEMENT_RULE: GOTO IDENTIFIER • ';'
   57                          | GOTO IDENTIFIER • IF EXPRESSION_RULE ';'

    IF   shift, and go to state 166
    ';'  shift, and go to state 167


State 106

   59 EXECUTABLE_STATEMENT_RULE: BREAK ';' •

    $default  reduce using rule 59 (EXECUTABLE_STATEMENT_RULE)


State 107

   55 EXECUTABLE_STATEMENT_RULE: LOOP EXPRESSION_RULE • STATEMENT_BLOCK_RULE
  188 EXPRESSION_RULE: EXPRESSION_RULE • '+' EXPRESSION_RULE
  189                | EXPRESSION_RULE • '-' EXPRESSION_RULE
  190                | EXPRESSION_RULE • '*' EXPRESSION_RULE
  191                | EXPRESSION_RULE • '/' EXPRESSION_RULE
  192                | EXPRESSION_RULE • '%' EXPRESSION_RULE
  193                | EXPRESSION_RULE • LESS EXPRESSION_RULE
  194                | EXPRESSION_RULE • LESS_OR_EQUAL EXPRESSION_RULE
  195                | EXPRESSION_RULE • GREATER EXPRESSION_RULE
  196                | EXPRESSION_RULE • GREATER_OR_EQUAL EXPRESSION_RULE
  197                | EXPRESSION_RULE • EQUAL EXPRESSION_RULE
  198                | EXPRESSION_RULE • NOT_EQUAL EXPRESSION_RULE
  199                | EXPRESSION_RULE • OR EXPRESSION_RULE
  200                | EXPRESSION_RULE • AND EXPRESSION_RULE

    OR                shift, and go to state 139
    AND               shift, and go to state 140
    EQUAL             shift, and go to state 141
    NOT_EQUAL         shift, and go to state 142
    LESS              shift, and go to state 143
    LESS_OR_EQUAL     shift, and go to state 144
    GREATER           shift, and go to state 145
    GREATER_OR_EQUAL  shift, and go to state 146
    '+'               shift, and go to state 147
    '-'               shift, and go to state 148
    '*'               shift, and go to state 149
    '/'               shift, and go to state 150
    '%'               shift, and go to state 151
    '{'               shift, and go to state 69

    STATEMENT_BLOCK_RULE  go to state 168


State 108

   53 EXECUTABLE_STATEMENT_RULE: LOOP VARIABLE_RULE • '=' EXPRESSION_RULE ',' EXPRESSION_RULE STATEMENT_BLOCK_RULE
   54                          | LOOP VARIABLE_RULE • '=' EXPRESSION_RULE ',' EXPRESSION_RULE ',' EXPRESSION_RULE STATEMENT_BLOCK_RULE
  204 EXPRESSION_RULE: VARIABLE_RULE •

    '='  shift, and go to state 169

    $default  reduce using rule 204 (EXPRESSION_RULE)


State 109

   51 EXECUTABLE_STATEMENT_RULE: IF EXPRESSION_RULE • STATEMENT_BLOCK_RULE
   52                          | IF EXPRESSION_RULE • STATEMENT_BLOCK_RULE ELSE STATEMENT_BLOCK_RULE
  188 EXPRESSION_RULE: EXPRESSION_RULE • '+' EXPRESSION_RULE
  189                | EXPRESSION_RULE • '-' EXPRESSION_RULE
  190                | EXPRESSION_RULE • '*' EXPRESSION_RULE
  191                | EXPRESSION_RULE • '/' EXPRESSION_RULE
  192                | EXPRESSION_RULE • '%' EXPRESSION_RULE
  193                | EXPRESSION_RULE • LESS EXPRESSION_RULE
  194                | EXPRESSION_RULE • LESS_OR_EQUAL EXPRESSION_RULE
  195                | EXPRESSION_RULE • GREATER EXPRESSION_RULE
  196                | EXPRESSION_RULE • GREATER_OR_EQUAL EXPRESSION_RULE
  197                | EXPRESSION_RULE • EQUAL EXPRESSION_RULE
  198                | EXPRESSION_RULE • NOT_EQUAL EXPRESSION_RULE
  199                | EXPRESSION_RULE • OR EXPRESSION_RULE
  200                | EXPRESSION_RULE • AND EXPRESSION_RULE

    OR                shift, and go to state 139
    AND               shift, and go to state 140
    EQUAL             shift, and go to state 141
    NOT_EQUAL         shift, and go to state 142
    LESS              shift, and go to state 143
    LESS_OR_EQUAL     shift, and go to state 144
    GREATER           shift, and go to state 145
    GREATER_OR_EQUAL  shift, and go to state 146
    '+'               shift, and go to state 147
    '-'               shift, and go to state 148
    '*'               shift, and go to state 149
    '/'               shift, and go to state 150
    '%'               shift, and go to state 151
    '{'               shift, and go to state 69

    STATEMENT_BLOCK_RULE  go to state 170


State 110

   15 FUNCTION_RULE: DEF ShortType • IDENTIFIER '(' FUNCTION_PARAMETER_LIST_RULE ')' STATEMENT_BLOCK_RULE

    IDENTIFIER  shift, and go to state 171


State 111

   66 RETURN_STATEMENT: RETURN ';' •

    $default  reduce using rule 66 (RETURN_STATEMENT)


State 112

   65 RETURN_STATEMENT: RETURN EXPRESSION_RULE • ';'
  188 EXPRESSION_RULE: EXPRESSION_RULE • '+' EXPRESSION_RULE
  189                | EXPRESSION_RULE • '-' EXPRESSION_RULE
  190                | EXPRESSION_RULE • '*' EXPRESSION_RULE
  191                | EXPRESSION_RULE • '/' EXPRESSION_RULE
  192                | EXPRESSION_RULE • '%' EXPRESSION_RULE
  193                | EXPRESSION_RULE • LESS EXPRESSION_RULE
  194                | EXPRESSION_RULE • LESS_OR_EQUAL EXPRESSION_RULE
  195                | EXPRESSION_RULE • GREATER EXPRESSION_RULE
  196                | EXPRESSION_RULE • GREATER_OR_EQUAL EXPRESSION_RULE
  197                | EXPRESSION_RULE • EQUAL EXPRESSION_RULE
  198                | EXPRESSION_RULE • NOT_EQUAL EXPRESSION_RULE
  199                | EXPRESSION_RULE • OR EXPRESSION_RULE
  200                | EXPRESSION_RULE • AND EXPRESSION_RULE

    OR                shift, and go to state 139
    AND               shift, and go to state 140
    EQUAL             shift, and go to state 141
    NOT_EQUAL         shift, and go to state 142
    LESS              shift, and go to state 143
    LESS_OR_EQUAL     shift, and go to state 144
    GREATER           shift, and go to state 145
    GREATER_OR_EQUAL  shift, and go to state 146
    '+'               shift, and go to state 147
    '-'               shift, and go to state 148
    '*'               shift, and go to state 149
    '/'               shift, and go to state 150
    '%'               shift, and go to state 151
    ';'               shift, and go to state 172


State 113

   47 EXECUTABLE_STATEMENT_RULE: CONTINUE ';' •

    $default  reduce using rule 47 (EXECUTABLE_STATEMENT_RULE)


State 114

   71 MODEL_DECLARATION: MODEL IDENTIFIER • '{' $@1 MODEL_FIELD_LIST '}' ';'

    '{'  shift, and go to state 173


State 115

   87 GREENAI_CONTRACT: GREENAI_CONTRACT_T IDENTIFIER • '{' $@2 CONTRACT_FIELD_LIST '}' ';'

    '{'  shift, and go to state 174


State 116

  114 C3ECO_DECLARATION: FUNCTIONAL_UNIT IDENTIFIER • '{' $@6 C3ECO_FIELD_LIST '}' ';'

    '{'  shift, and go to state 175


State 117

  118 C3ECO_DECLARATION: BOUNDARY IDENTIFIER • '{' $@8 C3ECO_FIELD_LIST '}' ';'

    '{'  shift, and go to state 176


State 118

  104 GREENAI_MEASUREMENT: GREENAI_MEASURE IDENTIFIER • '{' $@3 MEASURE_FIELD_LIST '}' ';'

    '{'  shift, and go to state 177


State 119

   67 INFER_STATEMENT: INFER IDENTIFIER • '(' IDENTIFIER ')' ARROW IDENTIFIER ';'
   68                | INFER IDENTIFIER • '(' IDENTIFIER ')' GREATER IDENTIFIER ';'

    '('  shift, and go to state 178


State 120

   69 TENSOR_DECLARATION: TENSOR IDENTIFIER • PRECISION_NAME STRING_LITERAL ';'

    FLOAT  shift, and go to state 179
    INT8   shift, and go to state 180
    FP16   shift, and go to state 181
    FP32   shift, and go to state 182
    BF16   shift, and go to state 183
    INT4   shift, and go to state 184
    FP64   shift, and go to state 185

    PRECISION_NAME  go to state 186


State 121

  110 C3ECO_DECLARATION: CERTIFICATION_PROFILE IDENTIFIER • '{' $@4 C3ECO_FIELD_LIST '}' ';'

    '{'  shift, and go to state 187


State 122

  112 C3ECO_DECLARATION: CERTIFICATION IDENTIFIER • '{' $@5 C3ECO_FIELD_LIST '}' ';'

    '{'  shift, and go to state 188


State 123

  116 C3ECO_DECLARATION: WORKLOAD IDENTIFIER • '{' $@7 C3ECO_FIELD_LIST '}' ';'

    '{'  shift, and go to state 189


State 124

  120 C3ECO_DECLARATION: MEASUREMENT_PLAN IDENTIFIER • '{' $@9 C3ECO_FIELD_LIST '}' ';'

    '{'  shift, and go to state 190


State 125

  122 C3ECO_DECLARATION: AI_LIFECYCLE IDENTIFIER • '{' $@10 C3ECO_FIELD_LIST '}' ';'

    '{'  shift, and go to state 191


State 126

  124 C3ECO_DECLARATION: RAG_PIPELINE IDENTIFIER • '{' $@11 C3ECO_FIELD_LIST '}' ';'

    '{'  shift, and go to state 192


State 127

  126 C3ECO_DECLARATION: TOKEN_BUDGET IDENTIFIER • '{' $@12 C3ECO_FIELD_LIST '}' ';'

    '{'  shift, and go to state 193


State 128

  128 C3ECO_DECLARATION: MODEL_ROUTING IDENTIFIER • '{' $@13 C3ECO_FIELD_LIST '}' ';'

    '{'  shift, and go to state 194


State 129

  130 C3ECO_DECLARATION: GUARDRAILS IDENTIFIER • '{' $@14 C3ECO_FIELD_LIST '}' ';'

    '{'  shift, and go to state 195


State 130

  188 EXPRESSION_RULE: EXPRESSION_RULE • '+' EXPRESSION_RULE
  189                | EXPRESSION_RULE • '-' EXPRESSION_RULE
  190                | EXPRESSION_RULE • '*' EXPRESSION_RULE
  191                | EXPRESSION_RULE • '/' EXPRESSION_RULE
  192                | EXPRESSION_RULE • '%' EXPRESSION_RULE
  193                | EXPRESSION_RULE • LESS EXPRESSION_RULE
  194                | EXPRESSION_RULE • LESS_OR_EQUAL EXPRESSION_RULE
  195                | EXPRESSION_RULE • GREATER EXPRESSION_RULE
  196                | EXPRESSION_RULE • GREATER_OR_EQUAL EXPRESSION_RULE
  197                | EXPRESSION_RULE • EQUAL EXPRESSION_RULE
  198                | EXPRESSION_RULE • NOT_EQUAL EXPRESSION_RULE
  199                | EXPRESSION_RULE • OR EXPRESSION_RULE
  200                | EXPRESSION_RULE • AND EXPRESSION_RULE
  202                | '(' EXPRESSION_RULE • ')'

    OR                shift, and go to state 139
    AND               shift, and go to state 140
    EQUAL             shift, and go to state 141
    NOT_EQUAL         shift, and go to state 142
    LESS              shift, and go to state 143
    LESS_OR_EQUAL     shift, and go to state 144
    GREATER           shift, and go to state 145
    GREATER_OR_EQUAL  shift, and go to state 146
    '+'               shift, and go to state 147
    '-'               shift, and go to state 148
    '*'               shift, and go to state 149
    '/'               shift, and go to state 150
    '%'               shift, and go to state 151
    ')'               shift, and go to state 196


State 131

   39 STATEMENT_RULE: DECLARATION_STATEMENT_RULE • ';'

    ';'  shift, and go to state 197


State 132

   35 STATEMENT_BLOCK_RULE: '{' STATEMENT_LIST_RULE • '}'
   36 STATEMENT_LIST_RULE: STATEMENT_LIST_RULE • STATEMENT_RULE

    '-'                     shift, and go to state 33
    STRING_LITERAL          shift, and go to state 34
    IDENTIFIER              shift, and go to state 35
    AI_INFER_BUILTIN        shift, and go to state 36
    GREENAI_REPORT_BUILTIN  shift, and go to state 37
    INT_LITERAL             shift, and go to state 38
    FLOAT_LITERAL           shift, and go to state 39
    READ                    shift, and go to state 40
    PRINT                   shift, and go to state 41
    GOTO                    shift, and go to state 42
    BREAK                   shift, and go to state 43
    LOOP                    shift, and go to state 44
    IF                      shift, and go to state 45
    INT                     shift, and go to state 4
    FLOAT                   shift, and go to state 5
    STRING                  shift, and go to state 6
    VOID                    shift, and go to state 7
    BOOL                    shift, and go to state 8
    DOUBLE                  shift, and go to state 9
    RETURN                  shift, and go to state 47
    CONTINUE                shift, and go to state 48
    TRUE                    shift, and go to state 49
    FALSE                   shift, and go to state 50
    MODEL                   shift, and go to state 51
    GREENAI_CONTRACT_T      shift, and go to state 52
    FUNCTIONAL_UNIT         shift, and go to state 53
    BOUNDARY                shift, and go to state 54
    GREENAI_MEASURE         shift, and go to state 55
    INFER                   shift, and go to state 56
    TENSOR                  shift, and go to state 57
    CERTIFICATION_PROFILE   shift, and go to state 58
    CERTIFICATION           shift, and go to state 59
    WORKLOAD                shift, and go to state 60
    MEASUREMENT_PLAN        shift, and go to state 61
    AI_LIFECYCLE            shift, and go to state 62
    RAG_PIPELINE            shift, and go to state 63
    TOKEN_BUDGET            shift, and go to state 64
    MODEL_ROUTING           shift, and go to state 65
    GUARDRAILS              shift, and go to state 66
    ';'                     shift, and go to state 67
    '('                     shift, and go to state 68
    '{'                     shift, and go to state 69
    '}'                     shift, and go to state 198

    ShortType                   go to state 17
    DECLARATION_STATEMENT_RULE  go to state 131
    STATEMENT_BLOCK_RULE        go to state 73
    STATEMENT_RULE              go to state 199
    EXECUTABLE_STATEMENT_RULE   go to state 134
    RETURN_STATEMENT            go to state 75
    INFER_STATEMENT             go to state 76
    TENSOR_DECLARATION          go to state 77
    MODEL_DECLARATION           go to state 78
    GREENAI_CONTRACT            go to state 79
    GREENAI_MEASUREMENT         go to state 80
    C3ECO_DECLARATION           go to state 81
    AI_INFER_RULE               go to state 82
    GREENAI_REPORT_RULE         go to state 83
    EXPRESSION_RULE             go to state 84
    VARIABLE_RULE               go to state 85


State 133

   37 STATEMENT_LIST_RULE: STATEMENT_RULE •

    $default  reduce using rule 37 (STATEMENT_LIST_RULE)


State 134

   38 STATEMENT_RULE: EXECUTABLE_STATEMENT_RULE •

    $default  reduce using rule 38 (STATEMENT_RULE)


State 135

   13 FUNCTION_LIST_RULE: FUNCTION_LIST_RULE FUNCTION_RULE ';' •

    $default  reduce using rule 13 (FUNCTION_LIST_RULE)


State 136

   33 TOP_LEVEL_STATEMENT_LIST_RULE: TOP_LEVEL_STATEMENT_LIST_RULE EXECUTABLE_STATEMENT_RULE •

    $default  reduce using rule 33 (TOP_LEVEL_STATEMENT_LIST_RULE)


State 137

   62 EXECUTABLE_STATEMENT_RULE: AI_INFER_RULE ';' •

    $default  reduce using rule 62 (EXECUTABLE_STATEMENT_RULE)


State 138

   61 EXECUTABLE_STATEMENT_RULE: GREENAI_REPORT_RULE ';' •

    $default  reduce using rule 61 (EXECUTABLE_STATEMENT_RULE)


State 139

  199 EXPRESSION_RULE: EXPRESSION_RULE OR • EXPRESSION_RULE

    '-'             shift, and go to state 33
    STRING_LITERAL  shift, and go to state 34
    IDENTIFIER      shift, and go to state 92
    INT_LITERAL     shift, and go to state 38
    FLOAT_LITERAL   shift, and go to state 39
    TRUE            shift, and go to state 49
    FALSE           shift, and go to state 50
    '('             shift, and go to state 68

    EXPRESSION_RULE  go to state 200
    VARIABLE_RULE    go to state 94


State 140

  200 EXPRESSION_RULE: EXPRESSION_RULE AND • EXPRESSION_RULE

    '-'             shift, and go to state 33
    STRING_LITERAL  shift, and go to state 34
    IDENTIFIER      shift, and go to state 92
    INT_LITERAL     shift, and go to state 38
    FLOAT_LITERAL   shift, and go to state 39
    TRUE            shift, and go to state 49
    FALSE           shift, and go to state 50
    '('             shift, and go to state 68

    EXPRESSION_RULE  go to state 201
    VARIABLE_RULE    go to state 94


State 141

  197 EXPRESSION_RULE: EXPRESSION_RULE EQUAL • EXPRESSION_RULE

    '-'             shift, and go to state 33
    STRING_LITERAL  shift, and go to state 34
    IDENTIFIER      shift, and go to state 92
    INT_LITERAL     shift, and go to state 38
    FLOAT_LITERAL   shift, and go to state 39
    TRUE            shift, and go to state 49
    FALSE           shift, and go to state 50
    '('             shift, and go to state 68

    EXPRESSION_RULE  go to state 202
    VARIABLE_RULE    go to state 94


State 142

  198 EXPRESSION_RULE: EXPRESSION_RULE NOT_EQUAL • EXPRESSION_RULE

    '-'             shift, and go to state 33
    STRING_LITERAL  shift, and go to state 34
    IDENTIFIER      shift, and go to state 92
    INT_LITERAL     shift, and go to state 38
    FLOAT_LITERAL   shift, and go to state 39
    TRUE            shift, and go to state 49
    FALSE           shift, and go to state 50
    '('             shift, and go to state 68

    EXPRESSION_RULE  go to state 203
    VARIABLE_RULE    go to state 94


State 143

  193 EXPRESSION_RULE: EXPRESSION_RULE LESS • EXPRESSION_RULE

    '-'             shift, and go to state 33
    STRING_LITERAL  shift, and go to state 34
    IDENTIFIER      shift, and go to state 92
    INT_LITERAL     shift, and go to state 38
    FLOAT_LITERAL   shift, and go to state 39
    TRUE            shift, and go to state 49
    FALSE           shift, and go to state 50
    '('             shift, and go to state 68

    EXPRESSION_RULE  go to state 204
    VARIABLE_RULE    go to state 94


State 144

  194 EXPRESSION_RULE: EXPRESSION_RULE LESS_OR_EQUAL • EXPRESSION_RULE

    '-'             shift, and go to state 33
    STRING_LITERAL  shift, and go to state 34
    IDENTIFIER      shift, and go to state 92
    INT_LITERAL     shift, and go to state 38
    FLOAT_LITERAL   shift, and go to state 39
    TRUE            shift, and go to state 49
    FALSE           shift, and go to state 50
    '('             shift, and go to state 68

    EXPRESSION_RULE  go to state 205
    VARIABLE_RULE    go to state 94


State 145

  195 EXPRESSION_RULE: EXPRESSION_RULE GREATER • EXPRESSION_RULE

    '-'             shift, and go to state 33
    STRING_LITERAL  shift, and go to state 34
    IDENTIFIER      shift, and go to state 92
    INT_LITERAL     shift, and go to state 38
    FLOAT_LITERAL   shift, and go to state 39
    TRUE            shift, and go to state 49
    FALSE           shift, and go to state 50
    '('             shift, and go to state 68

    EXPRESSION_RULE  go to state 206
    VARIABLE_RULE    go to state 94


State 146

  196 EXPRESSION_RULE: EXPRESSION_RULE GREATER_OR_EQUAL • EXPRESSION_RULE

    '-'             shift, and go to state 33
    STRING_LITERAL  shift, and go to state 34
    IDENTIFIER      shift, and go to state 92
    INT_LITERAL     shift, and go to state 38
    FLOAT_LITERAL   shift, and go to state 39
    TRUE            shift, and go to state 49
    FALSE           shift, and go to state 50
    '('             shift, and go to state 68

    EXPRESSION_RULE  go to state 207
    VARIABLE_RULE    go to state 94


State 147

  188 EXPRESSION_RULE: EXPRESSION_RULE '+' • EXPRESSION_RULE

    '-'             shift, and go to state 33
    STRING_LITERAL  shift, and go to state 34
    IDENTIFIER      shift, and go to state 92
    INT_LITERAL     shift, and go to state 38
    FLOAT_LITERAL   shift, and go to state 39
    TRUE            shift, and go to state 49
    FALSE           shift, and go to state 50
    '('             shift, and go to state 68

    EXPRESSION_RULE  go to state 208
    VARIABLE_RULE    go to state 94


State 148

  189 EXPRESSION_RULE: EXPRESSION_RULE '-' • EXPRESSION_RULE

    '-'             shift, and go to state 33
    STRING_LITERAL  shift, and go to state 34
    IDENTIFIER      shift, and go to state 92
    INT_LITERAL     shift, and go to state 38
    FLOAT_LITERAL   shift, and go to state 39
    TRUE            shift, and go to state 49
    FALSE           shift, and go to state 50
    '('             shift, and go to state 68

    EXPRESSION_RULE  go to state 209
    VARIABLE_RULE    go to state 94


State 149

  190 EXPRESSION_RULE: EXPRESSION_RULE '*' • EXPRESSION_RULE

    '-'             shift, and go to state 33
    STRING_LITERAL  shift, and go to state 34
    IDENTIFIER      shift, and go to state 92
    INT_LITERAL     shift, and go to state 38
    FLOAT_LITERAL   shift, and go to state 39
    TRUE            shift, and go to state 49
    FALSE           shift, and go to state 50
    '('             shift, and go to state 68

    EXPRESSION_RULE  go to state 210
    VARIABLE_RULE    go to state 94


State 150

  191 EXPRESSION_RULE: EXPRESSION_RULE '/' • EXPRESSION_RULE

    '-'             shift, and go to state 33
    STRING_LITERAL  shift, and go to state 34
    IDENTIFIER      shift, and go to state 92
    INT_LITERAL     shift, and go to state 38
    FLOAT_LITERAL   shift, and go to state 39
    TRUE            shift, and go to state 49
    FALSE           shift, and go to state 50
    '('             shift, and go to state 68

    EXPRESSION_RULE  go to state 211
    VARIABLE_RULE    go to state 94


State 151

  192 EXPRESSION_RULE: EXPRESSION_RULE '%' • EXPRESSION_RULE

    '-'             shift, and go to state 33
    STRING_LITERAL  shift, and go to state 34
    IDENTIFIER      shift, and go to state 92
    INT_LITERAL     shift, and go to state 38
    FLOAT_LITERAL   shift, and go to state 39
    TRUE            shift, and go to state 49
    FALSE           shift, and go to state 50
    '('             shift, and go to state 68

    EXPRESSION_RULE  go to state 212
    VARIABLE_RULE    go to state 94


State 152

   48 EXECUTABLE_STATEMENT_RULE: EXPRESSION_RULE ';' •

    $default  reduce using rule 48 (EXECUTABLE_STATEMENT_RULE)


State 153

   49 EXECUTABLE_STATEMENT_RULE: VARIABLE_RULE '=' • EXPRESSION_RULE ';'

    '-'             shift, and go to state 33
    STRING_LITERAL  shift, and go to state 34
    IDENTIFIER      shift, and go to state 92
    INT_LITERAL     shift, and go to state 38
    FLOAT_LITERAL   shift, and go to state 39
    TRUE            shift, and go to state 49
    FALSE           shift, and go to state 50
    '('             shift, and go to state 68

    EXPRESSION_RULE  go to state 213
    VARIABLE_RULE    go to state 94


State 154

   30 DECLARATION_VARIABLE_LIST_RULE: IDENTIFIER '[' INT_LITERAL • ']'

    ']'  shift, and go to state 214


State 155

   27 DECLARATION_VARIABLE_LIST_RULE: DECLARATION_VARIABLE_LIST_RULE ',' IDENTIFIER •
   28                               | DECLARATION_VARIABLE_LIST_RULE ',' IDENTIFIER • '[' INT_LITERAL ']'

    '['  shift, and go to state 215

    $default  reduce using rule 27 (DECLARATION_VARIABLE_LIST_RULE)


State 156

  188 EXPRESSION_RULE: EXPRESSION_RULE • '+' EXPRESSION_RULE
  189                | EXPRESSION_RULE • '-' EXPRESSION_RULE
  190                | EXPRESSION_RULE • '*' EXPRESSION_RULE
  191                | EXPRESSION_RULE • '/' EXPRESSION_RULE
  192                | EXPRESSION_RULE • '%' EXPRESSION_RULE
  193                | EXPRESSION_RULE • LESS EXPRESSION_RULE
  194                | EXPRESSION_RULE • LESS_OR_EQUAL EXPRESSION_RULE
  195                | EXPRESSION_RULE • GREATER EXPRESSION_RULE
  196                | EXPRESSION_RULE • GREATER_OR_EQUAL EXPRESSION_RULE
  197                | EXPRESSION_RULE • EQUAL EXPRESSION_RULE
  198                | EXPRESSION_RULE • NOT_EQUAL EXPRESSION_RULE
  199                | EXPRESSION_RULE • OR EXPRESSION_RULE
  200                | EXPRESSION_RULE • AND EXPRESSION_RULE
  213 EXPRESSION_LIST_RULE: EXPRESSION_RULE •

    OR                shift, and go to state 139
    AND               shift, and go to state 140
    EQUAL             shift, and go to state 141
    NOT_EQUAL         shift, and go to state 142
    LESS              shift, and go to state 143
    LESS_OR_EQUAL     shift, and go to state 144
    GREATER           shift, and go to state 145
    GREATER_OR_EQUAL  shift, and go to state 146
    '+'               shift, and go to state 147
    '-'               shift, and go to state 148
    '*'               shift, and go to state 149
    '/'               shift, and go to state 150
    '%'               shift, and go to state 151

    $default  reduce using rule 213 (EXPRESSION_LIST_RULE)


State 157

  203 EXPRESSION_RULE: IDENTIFIER '(' EXPRESSION_LIST_OPT • ')'

    ')'  shift, and go to state 216


State 158

  210 EXPRESSION_LIST_OPT: EXPRESSION_LIST_RULE •
  212 EXPRESSION_LIST_RULE: EXPRESSION_LIST_RULE • ',' EXPRESSION_RULE

    ','  shift, and go to state 217

    $default  reduce using rule 210 (EXPRESSION_LIST_OPT)


State 159

  188 EXPRESSION_RULE: EXPRESSION_RULE • '+' EXPRESSION_RULE
  189                | EXPRESSION_RULE • '-' EXPRESSION_RULE
  190                | EXPRESSION_RULE • '*' EXPRESSION_RULE
  191                | EXPRESSION_RULE • '/' EXPRESSION_RULE
  192                | EXPRESSION_RULE • '%' EXPRESSION_RULE
  193                | EXPRESSION_RULE • LESS EXPRESSION_RULE
  194                | EXPRESSION_RULE • LESS_OR_EQUAL EXPRESSION_RULE
  195                | EXPRESSION_RULE • GREATER EXPRESSION_RULE
  196                | EXPRESSION_RULE • GREATER_OR_EQUAL EXPRESSION_RULE
  197                | EXPRESSION_RULE • EQUAL EXPRESSION_RULE
  198                | EXPRESSION_RULE • NOT_EQUAL EXPRESSION_RULE
  199                | EXPRESSION_RULE • OR EXPRESSION_RULE
  200                | EXPRESSION_RULE • AND EXPRESSION_RULE
  215 VARIABLE_RULE: IDENTIFIER '[' EXPRESSION_RULE • ']'

    OR                shift, and go to state 139
    AND               shift, and go to state 140
    EQUAL             shift, and go to state 141
    NOT_EQUAL         shift, and go to state 142
    LESS              shift, and go to state 143
    LESS_OR_EQUAL     shift, and go to state 144
    GREATER           shift, and go to state 145
    GREATER_OR_EQUAL  shift, and go to state 146
    '+'               shift, and go to state 147
    '-'               shift, and go to state 148
    '*'               shift, and go to state 149
    '/'               shift, and go to state 150
    '%'               shift, and go to state 151
    ']'               shift, and go to state 218


State 160

  186 AI_INFER_RULE: AI_INFER_BUILTIN '(' STRING_LITERAL • ',' STRING_LITERAL ',' STRING_LITERAL ')'

    ','  shift, and go to state 219


State 161

  187 GREENAI_REPORT_RULE: GREENAI_REPORT_BUILTIN '(' STRING_LITERAL • ',' EXPRESSION_RULE ',' EXPRESSION_RULE ',' EXPRESSION_RULE ')'

    ','  shift, and go to state 220


State 162

   58 EXECUTABLE_STATEMENT_RULE: READ READ_VARIABLE_LIST_RULE ';' •

    $default  reduce using rule 58 (EXECUTABLE_STATEMENT_RULE)


State 163

  216 READ_VARIABLE_LIST_RULE: READ_VARIABLE_LIST_RULE ',' • VARIABLE_RULE

    IDENTIFIER  shift, and go to state 100

    VARIABLE_RULE  go to state 221


State 164

   60 EXECUTABLE_STATEMENT_RULE: PRINT PRINT_VARIABLE_LIST_RULE ';' •

    $default  reduce using rule 60 (EXECUTABLE_STATEMENT_RULE)


State 165

  218 PRINT_VARIABLE_LIST_RULE: PRINT_VARIABLE_LIST_RULE ',' • EXPRESSION_RULE

    '-'             shift, and go to state 33
    STRING_LITERAL  shift, and go to state 34
    IDENTIFIER      shift, and go to state 92
    INT_LITERAL     shift, and go to state 38
    FLOAT_LITERAL   shift, and go to state 39
    TRUE            shift, and go to state 49
    FALSE           shift, and go to state 50
    '('             shift, and go to state 68

    EXPRESSION_RULE  go to state 222
    VARIABLE_RULE    go to state 94


State 166

   57 EXECUTABLE_STATEMENT_RULE: GOTO IDENTIFIER IF • EXPRESSION_RULE ';'

    '-'             shift, and go to state 33
    STRING_LITERAL  shift, and go to state 34
    IDENTIFIER      shift, and go to state 92
    INT_LITERAL     shift, and go to state 38
    FLOAT_LITERAL   shift, and go to state 39
    TRUE            shift, and go to state 49
    FALSE           shift, and go to state 50
    '('             shift, and go to state 68

    EXPRESSION_RULE  go to state 223
    VARIABLE_RULE    go to state 94


State 167

   56 EXECUTABLE_STATEMENT_RULE: GOTO IDENTIFIER ';' •

    $default  reduce using rule 56 (EXECUTABLE_STATEMENT_RULE)


State 168

   55 EXECUTABLE_STATEMENT_RULE: LOOP EXPRESSION_RULE STATEMENT_BLOCK_RULE •

    $default  reduce using rule 55 (EXECUTABLE_STATEMENT_RULE)


State 169

   53 EXECUTABLE_STATEMENT_RULE: LOOP VARIABLE_RULE '=' • EXPRESSION_RULE ',' EXPRESSION_RULE STATEMENT_BLOCK_RULE
   54                          | LOOP VARIABLE_RULE '=' • EXPRESSION_RULE ',' EXPRESSION_RULE ',' EXPRESSION_RULE STATEMENT_BLOCK_RULE

    '-'             shift, and go to state 33
    STRING_LITERAL  shift, and go to state 34
    IDENTIFIER      shift, and go to state 92
    INT_LITERAL     shift, and go to state 38
    FLOAT_LITERAL   shift, and go to state 39
    TRUE            shift, and go to state 49
    FALSE           shift, and go to state 50
    '('             shift, and go to state 68

    EXPRESSION_RULE  go to state 224
    VARIABLE_RULE    go to state 94


State 170

   51 EXECUTABLE_STATEMENT_RULE: IF EXPRESSION_RULE STATEMENT_BLOCK_RULE •
   52                          | IF EXPRESSION_RULE STATEMENT_BLOCK_RULE • ELSE STATEMENT_BLOCK_RULE

    ELSE  shift, and go to state 225

    $default  reduce using rule 51 (EXECUTABLE_STATEMENT_RULE)


State 171

   15 FUNCTION_RULE: DEF ShortType IDENTIFIER • '(' FUNCTION_PARAMETER_LIST_RULE ')' STATEMENT_BLOCK_RULE

    '('  shift, and go to state 226


State 172

   65 RETURN_STATEMENT: RETURN EXPRESSION_RULE ';' •

    $default  reduce using rule 65 (RETURN_STATEMENT)


State 173

   71 MODEL_DECLARATION: MODEL IDENTIFIER '{' • $@1 MODEL_FIELD_LIST '}' ';'

    $default  reduce using rule 70 ($@1)

    $@1  go to state 227


State 174

   87 GREENAI_CONTRACT: GREENAI_CONTRACT_T IDENTIFIER '{' • $@2 CONTRACT_FIELD_LIST '}' ';'

    $default  reduce using rule 86 ($@2)

    $@2  go to state 228


State 175

  114 C3ECO_DECLARATION: FUNCTIONAL_UNIT IDENTIFIER '{' • $@6 C3ECO_FIELD_LIST '}' ';'

    $default  reduce using rule 113 ($@6)

    $@6  go to state 229


State 176

  118 C3ECO_DECLARATION: BOUNDARY IDENTIFIER '{' • $@8 C3ECO_FIELD_LIST '}' ';'

    $default  reduce using rule 117 ($@8)

    $@8  go to state 230


State 177

  104 GREENAI_MEASUREMENT: GREENAI_MEASURE IDENTIFIER '{' • $@3 MEASURE_FIELD_LIST '}' ';'

    $default  reduce using rule 103 ($@3)

    $@3  go to state 231


State 178

   67 INFER_STATEMENT: INFER IDENTIFIER '(' • IDENTIFIER ')' ARROW IDENTIFIER ';'
   68                | INFER IDENTIFIER '(' • IDENTIFIER ')' GREATER IDENTIFIER ';'

    IDENTIFIER  shift, and go to state 232


State 179

  163 PRECISION_NAME: FLOAT •

    $default  reduce using rule 163 (PRECISION_NAME)


State 180

  157 PRECISION_NAME: INT8 •

    $default  reduce using rule 157 (PRECISION_NAME)


State 181

  159 PRECISION_NAME: FP16 •

    $default  reduce using rule 159 (PRECISION_NAME)


State 182

  160 PRECISION_NAME: FP32 •

    $default  reduce using rule 160 (PRECISION_NAME)


State 183

  161 PRECISION_NAME: BF16 •

    $default  reduce using rule 161 (PRECISION_NAME)


State 184

  158 PRECISION_NAME: INT4 •

    $default  reduce using rule 158 (PRECISION_NAME)


State 185

  162 PRECISION_NAME: FP64 •

    $default  reduce using rule 162 (PRECISION_NAME)


State 186

   69 TENSOR_DECLARATION: TENSOR IDENTIFIER PRECISION_NAME • STRING_LITERAL ';'

    STRING_LITERAL  shift, and go to state 233


State 187

  110 C3ECO_DECLARATION: CERTIFICATION_PROFILE IDENTIFIER '{' • $@4 C3ECO_FIELD_LIST '}' ';'

    $default  reduce using rule 109 ($@4)

    $@4  go to state 234


State 188

  112 C3ECO_DECLARATION: CERTIFICATION IDENTIFIER '{' • $@5 C3ECO_FIELD_LIST '}' ';'

    $default  reduce using rule 111 ($@5)

    $@5  go to state 235


State 189

  116 C3ECO_DECLARATION: WORKLOAD IDENTIFIER '{' • $@7 C3ECO_FIELD_LIST '}' ';'

    $default  reduce using rule 115 ($@7)

    $@7  go to state 236


State 190

  120 C3ECO_DECLARATION: MEASUREMENT_PLAN IDENTIFIER '{' • $@9 C3ECO_FIELD_LIST '}' ';'

    $default  reduce using rule 119 ($@9)

    $@9  go to state 237


State 191

  122 C3ECO_DECLARATION: AI_LIFECYCLE IDENTIFIER '{' • $@10 C3ECO_FIELD_LIST '}' ';'

    $default  reduce using rule 121 ($@10)

    $@10  go to state 238


State 192

  124 C3ECO_DECLARATION: RAG_PIPELINE IDENTIFIER '{' • $@11 C3ECO_FIELD_LIST '}' ';'

    $default  reduce using rule 123 ($@11)

    $@11  go to state 239


State 193

  126 C3ECO_DECLARATION: TOKEN_BUDGET IDENTIFIER '{' • $@12 C3ECO_FIELD_LIST '}' ';'

    $default  reduce using rule 125 ($@12)

    $@12  go to state 240


State 194

  128 C3ECO_DECLARATION: MODEL_ROUTING IDENTIFIER '{' • $@13 C3ECO_FIELD_LIST '}' ';'

    $default  reduce using rule 127 ($@13)

    $@13  go to state 241


State 195

  130 C3ECO_DECLARATION: GUARDRAILS IDENTIFIER '{' • $@14 C3ECO_FIELD_LIST '}' ';'

    $default  reduce using rule 129 ($@14)

    $@14  go to state 242


State 196

  202 EXPRESSION_RULE: '(' EXPRESSION_RULE ')' •

    $default  reduce using rule 202 (EXPRESSION_RULE)


State 197

   39 STATEMENT_RULE: DECLARATION_STATEMENT_RULE ';' •

    $default  reduce using rule 39 (STATEMENT_RULE)


State 198

   35 STATEMENT_BLOCK_RULE: '{' STATEMENT_LIST_RULE '}' •

    $default  reduce using rule 35 (STATEMENT_BLOCK_RULE)


State 199

   36 STATEMENT_LIST_RULE: STATEMENT_LIST_RULE STATEMENT_RULE •

    $default  reduce using rule 36 (STATEMENT_LIST_RULE)


State 200

  188 EXPRESSION_RULE: EXPRESSION_RULE • '+' EXPRESSION_RULE
  189                | EXPRESSION_RULE • '-' EXPRESSION_RULE
  190                | EXPRESSION_RULE • '*' EXPRESSION_RULE
  191                | EXPRESSION_RULE • '/' EXPRESSION_RULE
  192                | EXPRESSION_RULE • '%' EXPRESSION_RULE
  193                | EXPRESSION_RULE • LESS EXPRESSION_RULE
  194                | EXPRESSION_RULE • LESS_OR_EQUAL EXPRESSION_RULE
  195                | EXPRESSION_RULE • GREATER EXPRESSION_RULE
  196                | EXPRESSION_RULE • GREATER_OR_EQUAL EXPRESSION_RULE
  197                | EXPRESSION_RULE • EQUAL EXPRESSION_RULE
  198                | EXPRESSION_RULE • NOT_EQUAL EXPRESSION_RULE
  199                | EXPRESSION_RULE • OR EXPRESSION_RULE
  199                | EXPRESSION_RULE OR EXPRESSION_RULE •
  200                | EXPRESSION_RULE • AND EXPRESSION_RULE

    AND               shift, and go to state 140
    EQUAL             shift, and go to state 141
    NOT_EQUAL         shift, and go to state 142
    LESS              shift, and go to state 143
    LESS_OR_EQUAL     shift, and go to state 144
    GREATER           shift, and go to state 145
    GREATER_OR_EQUAL  shift, and go to state 146
    '+'               shift, and go to state 147
    '-'               shift, and go to state 148
    '*'               shift, and go to state 149
    '/'               shift, and go to state 150
    '%'               shift, and go to state 151

    $default  reduce using rule 199 (EXPRESSION_RULE)


State 201

  188 EXPRESSION_RULE: EXPRESSION_RULE • '+' EXPRESSION_RULE
  189                | EXPRESSION_RULE • '-' EXPRESSION_RULE
  190                | EXPRESSION_RULE • '*' EXPRESSION_RULE
  191                | EXPRESSION_RULE • '/' EXPRESSION_RULE
  192                | EXPRESSION_RULE • '%' EXPRESSION_RULE
  193                | EXPRESSION_RULE • LESS EXPRESSION_RULE
  194                | EXPRESSION_RULE • LESS_OR_EQUAL EXPRESSION_RULE
  195                | EXPRESSION_RULE • GREATER EXPRESSION_RULE
  196                | EXPRESSION_RULE • GREATER_OR_EQUAL EXPRESSION_RULE
  197                | EXPRESSION_RULE • EQUAL EXPRESSION_RULE
  198                | EXPRESSION_RULE • NOT_EQUAL EXPRESSION_RULE
  199                | EXPRESSION_RULE • OR EXPRESSION_RULE
  200                | EXPRESSION_RULE • AND EXPRESSION_RULE
  200                | EXPRESSION_RULE AND EXPRESSION_RULE •

    EQUAL             shift, and go to state 141
    NOT_EQUAL         shift, and go to state 142
    LESS              shift, and go to state 143
    LESS_OR_EQUAL     shift, and go to state 144
    GREATER           shift, and go to state 145
    GREATER_OR_EQUAL  shift, and go to state 146
    '+'               shift, and go to state 147
    '-'               shift, and go to state 148
    '*'               shift, and go to state 149
    '/'               shift, and go to state 150
    '%'               shift, and go to state 151

    $default  reduce using rule 200 (EXPRESSION_RULE)


State 202

  188 EXPRESSION_RULE: EXPRESSION_RULE • '+' EXPRESSION_RULE
  189                | EXPRESSION_RULE • '-' EXPRESSION_RULE
  190                | EXPRESSION_RULE • '*' EXPRESSION_RULE
  191                | EXPRESSION_RULE • '/' EXPRESSION_RULE
  192                | EXPRESSION_RULE • '%' EXPRESSION_RULE
  193                | EXPRESSION_RULE • LESS EXPRESSION_RULE
  194                | EXPRESSION_RULE • LESS_OR_EQUAL EXPRESSION_RULE
  195                | EXPRESSION_RULE • GREATER EXPRESSION_RULE
  196                | EXPRESSION_RULE • GREATER_OR_EQUAL EXPRESSION_RULE
  197                | EXPRESSION_RULE • EQUAL EXPRESSION_RULE
  197                | EXPRESSION_RULE EQUAL EXPRESSION_RULE •
  198                | EXPRESSION_RULE • NOT_EQUAL EXPRESSION_RULE
  199                | EXPRESSION_RULE • OR EXPRESSION_RULE
  200                | EXPRESSION_RULE • AND EXPRESSION_RULE

    LESS              shift, and go to state 143
    LESS_OR_EQUAL     shift, and go to state 144
    GREATER           shift, and go to state 145
    GREATER_OR_EQUAL  shift, and go to state 146
    '+'               shift, and go to state 147
    '-'               shift, and go to state 148
    '*'               shift, and go to state 149
    '/'               shift, and go to state 150
    '%'               shift, and go to state 151

    $default  reduce using rule 197 (EXPRESSION_RULE)


State 203

  188 EXPRESSION_RULE: EXPRESSION_RULE • '+' EXPRESSION_RULE
  189                | EXPRESSION_RULE • '-' EXPRESSION_RULE
  190                | EXPRESSION_RULE • '*' EXPRESSION_RULE
  191                | EXPRESSION_RULE • '/' EXPRESSION_RULE
  192                | EXPRESSION_RULE • '%' EXPRESSION_RULE
  193                | EXPRESSION_RULE • LESS EXPRESSION_RULE
  194                | EXPRESSION_RULE • LESS_OR_EQUAL EXPRESSION_RULE
  195                | EXPRESSION_RULE • GREATER EXPRESSION_RULE
  196                | EXPRESSION_RULE • GREATER_OR_EQUAL EXPRESSION_RULE
  197                | EXPRESSION_RULE • EQUAL EXPRESSION_RULE
  198                | EXPRESSION_RULE • NOT_EQUAL EXPRESSION_RULE
  198                | EXPRESSION_RULE NOT_EQUAL EXPRESSION_RULE •
  199                | EXPRESSION_RULE • OR EXPRESSION_RULE
  200                | EXPRESSION_RULE • AND EXPRESSION_RULE

    LESS              shift, and go to state 143
    LESS_OR_EQUAL     shift, and go to state 144
    GREATER           shift, and go to state 145
    GREATER_OR_EQUAL  shift, and go to state 146
    '+'               shift, and go to state 147
    '-'               shift, and go to state 148
    '*'               shift, and go to state 149
    '/'               shift, and go to state 150
    '%'               shift, and go to state 151

    $default  reduce using rule 198 (EXPRESSION_RULE)


State 204

  188 EXPRESSION_RULE: EXPRESSION_RULE • '+' EXPRESSION_RULE
  189                | EXPRESSION_RULE • '-' EXPRESSION_RULE
  190                | EXPRESSION_RULE • '*' EXPRESSION_RULE
  191                | EXPRESSION_RULE • '/' EXPRESSION_RULE
  192                | EXPRESSION_RULE • '%' EXPRESSION_RULE
  193                | EXPRESSION_RULE • LESS EXPRESSION_RULE
  193                | EXPRESSION_RULE LESS EXPRESSION_RULE •
  194                | EXPRESSION_RULE • LESS_OR_EQUAL EXPRESSION_RULE
  195                | EXPRESSION_RULE • GREATER EXPRESSION_RULE
  196                | EXPRESSION_RULE • GREATER_OR_EQUAL EXPRESSION_RULE
  197                | EXPRESSION_RULE • EQUAL EXPRESSION_RULE
  198                | EXPRESSION_RULE • NOT_EQUAL EXPRESSION_RULE
  199                | EXPRESSION_RULE • OR EXPRESSION_RULE
  200                | EXPRESSION_RULE • AND EXPRESSION_RULE

    '+'  shift, and go to state 147
    '-'  shift, and go to state 148
    '*'  shift, and go to state 149
    '/'  shift, and go to state 150
    '%'  shift, and go to state 151

    $default  reduce using rule 193 (EXPRESSION_RULE)


State 205

  188 EXPRESSION_RULE: EXPRESSION_RULE • '+' EXPRESSION_RULE
  189                | EXPRESSION_RULE • '-' EXPRESSION_RULE
  190                | EXPRESSION_RULE • '*' EXPRESSION_RULE
  191                | EXPRESSION_RULE • '/' EXPRESSION_RULE
  192                | EXPRESSION_RULE • '%' EXPRESSION_RULE
  193                | EXPRESSION_RULE • LESS EXPRESSION_RULE
  194                | EXPRESSION_RULE • LESS_OR_EQUAL EXPRESSION_RULE
  194                | EXPRESSION_RULE LESS_OR_EQUAL EXPRESSION_RULE •
  195                | EXPRESSION_RULE • GREATER EXPRESSION_RULE
  196                | EXPRESSION_RULE • GREATER_OR_EQUAL EXPRESSION_RULE
  197                | EXPRESSION_RULE • EQUAL EXPRESSION_RULE
  198                | EXPRESSION_RULE • NOT_EQUAL EXPRESSION_RULE
  199                | EXPRESSION_RULE • OR EXPRESSION_RULE
  200                | EXPRESSION_RULE • AND EXPRESSION_RULE

    '+'  shift, and go to state 147
    '-'  shift, and go to state 148
    '*'  shift, and go to state 149
    '/'  shift, and go to state 150
    '%'  shift, and go to state 151

    $default  reduce using rule 194 (EXPRESSION_RULE)


State 206

  188 EXPRESSION_RULE: EXPRESSION_RULE • '+' EXPRESSION_RULE
  189                | EXPRESSION_RULE • '-' EXPRESSION_RULE
  190                | EXPRESSION_RULE • '*' EXPRESSION_RULE
  191                | EXPRESSION_RULE • '/' EXPRESSION_RULE
  192                | EXPRESSION_RULE • '%' EXPRESSION_RULE
  193                | EXPRESSION_RULE • LESS EXPRESSION_RULE
  194                | EXPRESSION_RULE • LESS_OR_EQUAL EXPRESSION_RULE
  195                | EXPRESSION_RULE • GREATER EXPRESSION_RULE
  195                | EXPRESSION_RULE GREATER EXPRESSION_RULE •
  196                | EXPRESSION_RULE • GREATER_OR_EQUAL EXPRESSION_RULE
  197                | EXPRESSION_RULE • EQUAL EXPRESSION_RULE
  198                | EXPRESSION_RULE • NOT_EQUAL EXPRESSION_RULE
  199                | EXPRESSION_RULE • OR EXPRESSION_RULE
  200                | EXPRESSION_RULE • AND EXPRESSION_RULE

    '+'  shift, and go to state 147
    '-'  shift, and go to state 148
    '*'  shift, and go to state 149
    '/'  shift, and go to state 150
    '%'  shift, and go to state 151

    $default  reduce using rule 195 (EXPRESSION_RULE)


State 207

  188 EXPRESSION_RULE: EXPRESSION_RULE • '+' EXPRESSION_RULE
  189                | EXPRESSION_RULE • '-' EXPRESSION_RULE
  190                | EXPRESSION_RULE • '*' EXPRESSION_RULE
  191                | EXPRESSION_RULE • '/' EXPRESSION_RULE
  192                | EXPRESSION_RULE • '%' EXPRESSION_RULE
  193                | EXPRESSION_RULE • LESS EXPRESSION_RULE
  194                | EXPRESSION_RULE • LESS_OR_EQUAL EXPRESSION_RULE
  195                | EXPRESSION_RULE • GREATER EXPRESSION_RULE
  196                | EXPRESSION_RULE • GREATER_OR_EQUAL EXPRESSION_RULE
  196                | EXPRESSION_RULE GREATER_OR_EQUAL EXPRESSION_RULE •
  197                | EXPRESSION_RULE • EQUAL EXPRESSION_RULE
  198                | EXPRESSION_RULE • NOT_EQUAL EXPRESSION_RULE
  199                | EXPRESSION_RULE • OR EXPRESSION_RULE
  200                | EXPRESSION_RULE • AND EXPRESSION_RULE

    '+'  shift, and go to state 147
    '-'  shift, and go to state 148
    '*'  shift, and go to state 149
    '/'  shift, and go to state 150
    '%'  shift, and go to state 151

    $default  reduce using rule 196 (EXPRESSION_RULE)


State 208

  188 EXPRESSION_RULE: EXPRESSION_RULE • '+' EXPRESSION_RULE
  188                | EXPRESSION_RULE '+' EXPRESSION_RULE •
  189                | EXPRESSION_RULE • '-' EXPRESSION_RULE
  190                | EXPRESSION_RULE • '*' EXPRESSION_RULE
  191                | EXPRESSION_RULE • '/' EXPRESSION_RULE
  192                | EXPRESSION_RULE • '%' EXPRESSION_RULE
  193                | EXPRESSION_RULE • LESS EXPRESSION_RULE
  194                | EXPRESSION_RULE • LESS_OR_EQUAL EXPRESSION_RULE
  195                | EXPRESSION_RULE • GREATER EXPRESSION_RULE
  196                | EXPRESSION_RULE • GREATER_OR_EQUAL EXPRESSION_RULE
  197                | EXPRESSION_RULE • EQUAL EXPRESSION_RULE
  198                | EXPRESSION_RULE • NOT_EQUAL EXPRESSION_RULE
  199                | EXPRESSION_RULE • OR EXPRESSION_RULE
  200                | EXPRESSION_RULE • AND EXPRESSION_RULE

    '*'  shift, and go to state 149
    '/'  shift, and go to state 150
    '%'  shift, and go to state 151

    $default  reduce using rule 188 (EXPRESSION_RULE)


State 209

  188 EXPRESSION_RULE: EXPRESSION_RULE • '+' EXPRESSION_RULE
  189                | EXPRESSION_RULE • '-' EXPRESSION_RULE
  189                | EXPRESSION_RULE '-' EXPRESSION_RULE •
  190                | EXPRESSION_RULE • '*' EXPRESSION_RULE
  191                | EXPRESSION_RULE • '/' EXPRESSION_RULE
  192                | EXPRESSION_RULE • '%' EXPRESSION_RULE
  193                | EXPRESSION_RULE • LESS EXPRESSION_RULE
  194                | EXPRESSION_RULE • LESS_OR_EQUAL EXPRESSION_RULE
  195                | EXPRESSION_RULE • GREATER EXPRESSION_RULE
  196                | EXPRESSION_RULE • GREATER_OR_EQUAL EXPRESSION_RULE
  197                | EXPRESSION_RULE • EQUAL EXPRESSION_RULE
  198                | EXPRESSION_RULE • NOT_EQUAL EXPRESSION_RULE
  199                | EXPRESSION_RULE • OR EXPRESSION_RULE
  200                | EXPRESSION_RULE • AND EXPRESSION_RULE

    '*'  shift, and go to state 149
    '/'  shift, and go to state 150
    '%'  shift, and go to state 151

    $default  reduce using rule 189 (EXPRESSION_RULE)


State 210

  188 EXPRESSION_RULE: EXPRESSION_RULE • '+' EXPRESSION_RULE
  189                | EXPRESSION_RULE • '-' EXPRESSION_RULE
  190                | EXPRESSION_RULE • '*' EXPRESSION_RULE
  190                | EXPRESSION_RULE '*' EXPRESSION_RULE •
  191                | EXPRESSION_RULE • '/' EXPRESSION_RULE
  192                | EXPRESSION_RULE • '%' EXPRESSION_RULE
  193                | EXPRESSION_RULE • LESS EXPRESSION_RULE
  194                | EXPRESSION_RULE • LESS_OR_EQUAL EXPRESSION_RULE
  195                | EXPRESSION_RULE • GREATER EXPRESSION_RULE
  196                | EXPRESSION_RULE • GREATER_OR_EQUAL EXPRESSION_RULE
  197                | EXPRESSION_RULE • EQUAL EXPRESSION_RULE
  198                | EXPRESSION_RULE • NOT_EQUAL EXPRESSION_RULE
  199                | EXPRESSION_RULE • OR EXPRESSION_RULE
  200                | EXPRESSION_RULE • AND EXPRESSION_RULE

    $default  reduce using rule 190 (EXPRESSION_RULE)


State 211

  188 EXPRESSION_RULE: EXPRESSION_RULE • '+' EXPRESSION_RULE
  189                | EXPRESSION_RULE • '-' EXPRESSION_RULE
  190                | EXPRESSION_RULE • '*' EXPRESSION_RULE
  191                | EXPRESSION_RULE • '/' EXPRESSION_RULE
  191                | EXPRESSION_RULE '/' EXPRESSION_RULE •
  192                | EXPRESSION_RULE • '%' EXPRESSION_RULE
  193                | EXPRESSION_RULE • LESS EXPRESSION_RULE
  194                | EXPRESSION_RULE • LESS_OR_EQUAL EXPRESSION_RULE
  195                | EXPRESSION_RULE • GREATER EXPRESSION_RULE
  196                | EXPRESSION_RULE • GREATER_OR_EQUAL EXPRESSION_RULE
  197                | EXPRESSION_RULE • EQUAL EXPRESSION_RULE
  198                | EXPRESSION_RULE • NOT_EQUAL EXPRESSION_RULE
  199                | EXPRESSION_RULE • OR EXPRESSION_RULE
  200                | EXPRESSION_RULE • AND EXPRESSION_RULE

    $default  reduce using rule 191 (EXPRESSION_RULE)


State 212

  188 EXPRESSION_RULE: EXPRESSION_RULE • '+' EXPRESSION_RULE
  189                | EXPRESSION_RULE • '-' EXPRESSION_RULE
  190                | EXPRESSION_RULE • '*' EXPRESSION_RULE
  191                | EXPRESSION_RULE • '/' EXPRESSION_RULE
  192                | EXPRESSION_RULE • '%' EXPRESSION_RULE
  192                | EXPRESSION_RULE '%' EXPRESSION_RULE •
  193                | EXPRESSION_RULE • LESS EXPRESSION_RULE
  194                | EXPRESSION_RULE • LESS_OR_EQUAL EXPRESSION_RULE
  195                | EXPRESSION_RULE • GREATER EXPRESSION_RULE
  196                | EXPRESSION_RULE • GREATER_OR_EQUAL EXPRESSION_RULE
  197                | EXPRESSION_RULE • EQUAL EXPRESSION_RULE
  198                | EXPRESSION_RULE • NOT_EQUAL EXPRESSION_RULE
  199                | EXPRESSION_RULE • OR EXPRESSION_RULE
  200                | EXPRESSION_RULE • AND EXPRESSION_RULE

    $default  reduce using rule 192 (EXPRESSION_RULE)


State 213

   49 EXECUTABLE_STATEMENT_RULE: VARIABLE_RULE '=' EXPRESSION_RULE • ';'
  188 EXPRESSION_RULE: EXPRESSION_RULE • '+' EXPRESSION_RULE
  189                | EXPRESSION_RULE • '-' EXPRESSION_RULE
  190                | EXPRESSION_RULE • '*' EXPRESSION_RULE
  191                | EXPRESSION_RULE • '/' EXPRESSION_RULE
  192                | EXPRESSION_RULE • '%' EXPRESSION_RULE
  193                | EXPRESSION_RULE • LESS EXPRESSION_RULE
  194                | EXPRESSION_RULE • LESS_OR_EQUAL EXPRESSION_RULE
  195                | EXPRESSION_RULE • GREATER EXPRESSION_RULE
  196                | EXPRESSION_RULE • GREATER_OR_EQUAL EXPRESSION_RULE
  197                | EXPRESSION_RULE • EQUAL EXPRESSION_RULE
  198                | EXPRESSION_RULE • NOT_EQUAL EXPRESSION_RULE
  199                | EXPRESSION_RULE • OR EXPRESSION_RULE
  200                | EXPRESSION_RULE • AND EXPRESSION_RULE

    OR                shift, and go to state 139
    AND               shift, and go to state 140
    EQUAL             shift, and go to state 141
    NOT_EQUAL         shift, and go to state 142
    LESS              shift, and go to state 143
    LESS_OR_EQUAL     shift, and go to state 144
    GREATER           shift, and go to state 145
    GREATER_OR_EQUAL  shift, and go to state 146
    '+'               shift, and go to state 147
    '-'               shift, and go to state 148
    '*'               shift, and go to state 149
    '/'               shift, and go to state 150
    '%'               shift, and go to state 151
    ';'               shift, and go to state 243


State 214

   30 DECLARATION_VARIABLE_LIST_RULE: IDENTIFIER '[' INT_LITERAL ']' •

    $default  reduce using rule 30 (DECLARATION_VARIABLE_LIST_RULE)


State 215

   28 DECLARATION_VARIABLE_LIST_RULE: DECLARATION_VARIABLE_LIST_RULE ',' IDENTIFIER '[' • INT_LITERAL ']'

    INT_LITERAL  shift, and go to state 244


State 216

  203 EXPRESSION_RULE: IDENTIFIER '(' EXPRESSION_LIST_OPT ')' •

    $default  reduce using rule 203 (EXPRESSION_RULE)


State 217

  212 EXPRESSION_LIST_RULE: EXPRESSION_LIST_RULE ',' • EXPRESSION_RULE

    '-'             shift, and go to state 33
    STRING_LITERAL  shift, and go to state 34
    IDENTIFIER      shift, and go to state 92
    INT_LITERAL     shift, and go to state 38
    FLOAT_LITERAL   shift, and go to state 39
    TRUE            shift, and go to state 49
    FALSE           shift, and go to state 50
    '('             shift, and go to state 68

    EXPRESSION_RULE  go to state 245
    VARIABLE_RULE    go to state 94


State 218

  215 VARIABLE_RULE: IDENTIFIER '[' EXPRESSION_RULE ']' •

    $default  reduce using rule 215 (VARIABLE_RULE)


State 219

  186 AI_INFER_RULE: AI_INFER_BUILTIN '(' STRING_LITERAL ',' • STRING_LITERAL ',' STRING_LITERAL ')'

    STRING_LITERAL  shift, and go to state 246


State 220

  187 GREENAI_REPORT_RULE: GREENAI_REPORT_BUILTIN '(' STRING_LITERAL ',' • EXPRESSION_RULE ',' EXPRESSION_RULE ',' EXPRESSION_RULE ')'

    '-'             shift, and go to state 33
    STRING_LITERAL  shift, and go to state 34
    IDENTIFIER      shift, and go to state 92
    INT_LITERAL     shift, and go to state 38
    FLOAT_LITERAL   shift, and go to state 39
    TRUE            shift, and go to state 49
    FALSE           shift, and go to state 50
    '('             shift, and go to state 68

    EXPRESSION_RULE  go to state 247
    VARIABLE_RULE    go to state 94


State 221

  216 READ_VARIABLE_LIST_RULE: READ_VARIABLE_LIST_RULE ',' VARIABLE_RULE •

    $default  reduce using rule 216 (READ_VARIABLE_LIST_RULE)


State 222

  188 EXPRESSION_RULE: EXPRESSION_RULE • '+' EXPRESSION_RULE
  189                | EXPRESSION_RULE • '-' EXPRESSION_RULE
  190                | EXPRESSION_RULE • '*' EXPRESSION_RULE
  191                | EXPRESSION_RULE • '/' EXPRESSION_RULE
  192                | EXPRESSION_RULE • '%' EXPRESSION_RULE
  193                | EXPRESSION_RULE • LESS EXPRESSION_RULE
  194                | EXPRESSION_RULE • LESS_OR_EQUAL EXPRESSION_RULE
  195                | EXPRESSION_RULE • GREATER EXPRESSION_RULE
  196                | EXPRESSION_RULE • GREATER_OR_EQUAL EXPRESSION_RULE
  197                | EXPRESSION_RULE • EQUAL EXPRESSION_RULE
  198                | EXPRESSION_RULE • NOT_EQUAL EXPRESSION_RULE
  199                | EXPRESSION_RULE • OR EXPRESSION_RULE
  200                | EXPRESSION_RULE • AND EXPRESSION_RULE
  218 PRINT_VARIABLE_LIST_RULE: PRINT_VARIABLE_LIST_RULE ',' EXPRESSION_RULE •

    OR                shift, and go to state 139
    AND               shift, and go to state 140
    EQUAL             shift, and go to state 141
    NOT_EQUAL         shift, and go to state 142
    LESS              shift, and go to state 143
    LESS_OR_EQUAL     shift, and go to state 144
    GREATER           shift, and go to state 145
    GREATER_OR_EQUAL  shift, and go to state 146
    '+'               shift, and go to state 147
    '-'               shift, and go to state 148
    '*'               shift, and go to state 149
    '/'               shift, and go to state 150
    '%'               shift, and go to state 151

    $default  reduce using rule 218 (PRINT_VARIABLE_LIST_RULE)


State 223

   57 EXECUTABLE_STATEMENT_RULE: GOTO IDENTIFIER IF EXPRESSION_RULE • ';'
  188 EXPRESSION_RULE: EXPRESSION_RULE • '+' EXPRESSION_RULE
  189                | EXPRESSION_RULE • '-' EXPRESSION_RULE
  190                | EXPRESSION_RULE • '*' EXPRESSION_RULE
  191                | EXPRESSION_RULE • '/' EXPRESSION_RULE
  192                | EXPRESSION_RULE • '%' EXPRESSION_RULE
  193                | EXPRESSION_RULE • LESS EXPRESSION_RULE
  194                | EXPRESSION_RULE • LESS_OR_EQUAL EXPRESSION_RULE
  195                | EXPRESSION_RULE • GREATER EXPRESSION_RULE
  196                | EXPRESSION_RULE • GREATER_OR_EQUAL EXPRESSION_RULE
  197                | EXPRESSION_RULE • EQUAL EXPRESSION_RULE
  198                | EXPRESSION_RULE • NOT_EQUAL EXPRESSION_RULE
  199                | EXPRESSION_RULE • OR EXPRESSION_RULE
  200                | EXPRESSION_RULE • AND EXPRESSION_RULE

    OR                shift, and go to state 139
    AND               shift, and go to state 140
    EQUAL             shift, and go to state 141
    NOT_EQUAL         shift, and go to state 142
    LESS              shift, and go to state 143
    LESS_OR_EQUAL     shift, and go to state 144
    GREATER           shift, and go to state 145
    GREATER_OR_EQUAL  shift, and go to state 146
    '+'               shift, and go to state 147
    '-'               shift, and go to state 148
    '*'               shift, and go to state 149
    '/'               shift, and go to state 150
    '%'               shift, and go to state 151
    ';'               shift, and go to state 248


State 224

   53 EXECUTABLE_STATEMENT_RULE: LOOP VARIABLE_RULE '=' EXPRESSION_RULE • ',' EXPRESSION_RULE STATEMENT_BLOCK_RULE
   54                          | LOOP VARIABLE_RULE '=' EXPRESSION_RULE • ',' EXPRESSION_RULE ',' EXPRESSION_RULE STATEMENT_BLOCK_RULE
  188 EXPRESSION_RULE: EXPRESSION_RULE • '+' EXPRESSION_RULE
  189                | EXPRESSION_RULE • '-' EXPRESSION_RULE
  190                | EXPRESSION_RULE • '*' EXPRESSION_RULE
  191                | EXPRESSION_RULE • '/' EXPRESSION_RULE
  192                | EXPRESSION_RULE • '%' EXPRESSION_RULE
  193                | EXPRESSION_RULE • LESS EXPRESSION_RULE
  194                | EXPRESSION_RULE • LESS_OR_EQUAL EXPRESSION_RULE
  195                | EXPRESSION_RULE • GREATER EXPRESSION_RULE
  196                | EXPRESSION_RULE • GREATER_OR_EQUAL EXPRESSION_RULE
  197                | EXPRESSION_RULE • EQUAL EXPRESSION_RULE
  198                | EXPRESSION_RULE • NOT_EQUAL EXPRESSION_RULE
  199                | EXPRESSION_RULE • OR EXPRESSION_RULE
  200                | EXPRESSION_RULE • AND EXPRESSION_RULE

    OR                shift, and go to state 139
    AND               shift, and go to state 140
    EQUAL             shift, and go to state 141
    NOT_EQUAL         shift, and go to state 142
    LESS              shift, and go to state 143
    LESS_OR_EQUAL     shift, and go to state 144
    GREATER           shift, and go to state 145
    GREATER_OR_EQUAL  shift, and go to state 146
    '+'               shift, and go to state 147
    '-'               shift, and go to state 148
    '*'               shift, and go to state 149
    '/'               shift, and go to state 150
    '%'               shift, and go to state 151
    ','               shift, and go to state 249


State 225

   52 EXECUTABLE_STATEMENT_RULE: IF EXPRESSION_RULE STATEMENT_BLOCK_RULE ELSE • STATEMENT_BLOCK_RULE

    '{'  shift, and go to state 69

    STATEMENT_BLOCK_RULE  go to state 250


State 226

   15 FUNCTION_RULE: DEF ShortType IDENTIFIER '(' • FUNCTION_PARAMETER_LIST_RULE ')' STATEMENT_BLOCK_RULE

    INT     shift, and go to state 4
    FLOAT   shift, and go to state 5
    STRING  shift, and go to state 6
    VOID    shift, and go to state 7
    BOOL    shift, and go to state 8
    DOUBLE  shift, and go to state 9

    $default  reduce using rule 17 (FUNCTION_PARAMETER_LIST_RULE)

    FUNCTION_PARAMETER_LIST_RULE     go to state 251
    DECLARATION_STATEMENT_LIST_RULE  go to state 252
    ShortType                        go to state 17
    DECLARATION_STATEMENT_RULE       go to state 18


State 227

   71 MODEL_DECLARATION: MODEL IDENTIFIER '{' $@1 • MODEL_FIELD_LIST '}' ';'

    $default  reduce using rule 73 (MODEL_FIELD_LIST)

    MODEL_FIELD_LIST  go to state 253


State 228

   87 GREENAI_CONTRACT: GREENAI_CONTRACT_T IDENTIFIER '{' $@2 • CONTRACT_FIELD_LIST '}' ';'

    $default  reduce using rule 89 (CONTRACT_FIELD_LIST)

    CONTRACT_FIELD_LIST  go to state 254


State 229

  114 C3ECO_DECLARATION: FUNCTIONAL_UNIT IDENTIFIER '{' $@6 • C3ECO_FIELD_LIST '}' ';'

    $default  reduce using rule 132 (C3ECO_FIELD_LIST)

    C3ECO_FIELD_LIST  go to state 255


State 230

  118 C3ECO_DECLARATION: BOUNDARY IDENTIFIER '{' $@8 • C3ECO_FIELD_LIST '}' ';'

    $default  reduce using rule 132 (C3ECO_FIELD_LIST)

    C3ECO_FIELD_LIST  go to state 256


State 231

  104 GREENAI_MEASUREMENT: GREENAI_MEASURE IDENTIFIER '{' $@3 • MEASURE_FIELD_LIST '}' ';'

    $default  reduce using rule 106 (MEASURE_FIELD_LIST)

    MEASURE_FIELD_LIST  go to state 257


State 232

   67 INFER_STATEMENT: INFER IDENTIFIER '(' IDENTIFIER • ')' ARROW IDENTIFIER ';'
   68                | INFER IDENTIFIER '(' IDENTIFIER • ')' GREATER IDENTIFIER ';'

    ')'  shift, and go to state 258


State 233

   69 TENSOR_DECLARATION: TENSOR IDENTIFIER PRECISION_NAME STRING_LITERAL • ';'

    ';'  shift, and go to state 259


State 234

  110 C3ECO_DECLARATION: CERTIFICATION_PROFILE IDENTIFIER '{' $@4 • C3ECO_FIELD_LIST '}' ';'

    $default  reduce using rule 132 (C3ECO_FIELD_LIST)

    C3ECO_FIELD_LIST  go to state 260


State 235

  112 C3ECO_DECLARATION: CERTIFICATION IDENTIFIER '{' $@5 • C3ECO_FIELD_LIST '}' ';'

    $default  reduce using rule 132 (C3ECO_FIELD_LIST)

    C3ECO_FIELD_LIST  go to state 261


State 236

  116 C3ECO_DECLARATION: WORKLOAD IDENTIFIER '{' $@7 • C3ECO_FIELD_LIST '}' ';'

    $default  reduce using rule 132 (C3ECO_FIELD_LIST)

    C3ECO_FIELD_LIST  go to state 262


State 237

  120 C3ECO_DECLARATION: MEASUREMENT_PLAN IDENTIFIER '{' $@9 • C3ECO_FIELD_LIST '}' ';'

    $default  reduce using rule 132 (C3ECO_FIELD_LIST)

    C3ECO_FIELD_LIST  go to state 263


State 238

  122 C3ECO_DECLARATION: AI_LIFECYCLE IDENTIFIER '{' $@10 • C3ECO_FIELD_LIST '}' ';'

    $default  reduce using rule 132 (C3ECO_FIELD_LIST)

    C3ECO_FIELD_LIST  go to state 264


State 239

  124 C3ECO_DECLARATION: RAG_PIPELINE IDENTIFIER '{' $@11 • C3ECO_FIELD_LIST '}' ';'

    $default  reduce using rule 132 (C3ECO_FIELD_LIST)

    C3ECO_FIELD_LIST  go to state 265


State 240

  126 C3ECO_DECLARATION: TOKEN_BUDGET IDENTIFIER '{' $@12 • C3ECO_FIELD_LIST '}' ';'

    $default  reduce using rule 132 (C3ECO_FIELD_LIST)

    C3ECO_FIELD_LIST  go to state 266


State 241

  128 C3ECO_DECLARATION: MODEL_ROUTING IDENTIFIER '{' $@13 • C3ECO_FIELD_LIST '}' ';'

    $default  reduce using rule 132 (C3ECO_FIELD_LIST)

    C3ECO_FIELD_LIST  go to state 267


State 242

  130 C3ECO_DECLARATION: GUARDRAILS IDENTIFIER '{' $@14 • C3ECO_FIELD_LIST '}' ';'

    $default  reduce using rule 132 (C3ECO_FIELD_LIST)

    C3ECO_FIELD_LIST  go to state 268


State 243

   49 EXECUTABLE_STATEMENT_RULE: VARIABLE_RULE '=' EXPRESSION_RULE ';' •

    $default  reduce using rule 49 (EXECUTABLE_STATEMENT_RULE)


State 244

   28 DECLARATION_VARIABLE_LIST_RULE: DECLARATION_VARIABLE_LIST_RULE ',' IDENTIFIER '[' INT_LITERAL • ']'

    ']'  shift, and go to state 269


State 245

  188 EXPRESSION_RULE: EXPRESSION_RULE • '+' EXPRESSION_RULE
  189                | EXPRESSION_RULE • '-' EXPRESSION_RULE
  190                | EXPRESSION_RULE • '*' EXPRESSION_RULE
  191                | EXPRESSION_RULE • '/' EXPRESSION_RULE
  192                | EXPRESSION_RULE • '%' EXPRESSION_RULE
  193                | EXPRESSION_RULE • LESS EXPRESSION_RULE
  194                | EXPRESSION_RULE • LESS_OR_EQUAL EXPRESSION_RULE
  195                | EXPRESSION_RULE • GREATER EXPRESSION_RULE
  196                | EXPRESSION_RULE • GREATER_OR_EQUAL EXPRESSION_RULE
  197                | EXPRESSION_RULE • EQUAL EXPRESSION_RULE
  198                | EXPRESSION_RULE • NOT_EQUAL EXPRESSION_RULE
  199                | EXPRESSION_RULE • OR EXPRESSION_RULE
  200                | EXPRESSION_RULE • AND EXPRESSION_RULE
  212 EXPRESSION_LIST_RULE: EXPRESSION_LIST_RULE ',' EXPRESSION_RULE •

    OR                shift, and go to state 139
    AND               shift, and go to state 140
    EQUAL             shift, and go to state 141
    NOT_EQUAL         shift, and go to state 142
    LESS              shift, and go to state 143
    LESS_OR_EQUAL     shift, and go to state 144
    GREATER           shift, and go to state 145
    GREATER_OR_EQUAL  shift, and go to state 146
    '+'               shift, and go to state 147
    '-'               shift, and go to state 148
    '*'               shift, and go to state 149
    '/'               shift, and go to state 150
    '%'               shift, and go to state 151

    $default  reduce using rule 212 (EXPRESSION_LIST_RULE)


State 246

  186 AI_INFER_RULE: AI_INFER_BUILTIN '(' STRING_LITERAL ',' STRING_LITERAL • ',' STRING_LITERAL ')'

    ','  shift, and go to state 270


State 247

  187 GREENAI_REPORT_RULE: GREENAI_REPORT_BUILTIN '(' STRING_LITERAL ',' EXPRESSION_RULE • ',' EXPRESSION_RULE ',' EXPRESSION_RULE ')'
  188 EXPRESSION_RULE: EXPRESSION_RULE • '+' EXPRESSION_RULE
  189                | EXPRESSION_RULE • '-' EXPRESSION_RULE
  190                | EXPRESSION_RULE • '*' EXPRESSION_RULE
  191                | EXPRESSION_RULE • '/' EXPRESSION_RULE
  192                | EXPRESSION_RULE • '%' EXPRESSION_RULE
  193                | EXPRESSION_RULE • LESS EXPRESSION_RULE
  194                | EXPRESSION_RULE • LESS_OR_EQUAL EXPRESSION_RULE
  195                | EXPRESSION_RULE • GREATER EXPRESSION_RULE
  196                | EXPRESSION_RULE • GREATER_OR_EQUAL EXPRESSION_RULE
  197                | EXPRESSION_RULE • EQUAL EXPRESSION_RULE
  198                | EXPRESSION_RULE • NOT_EQUAL EXPRESSION_RULE
  199                | EXPRESSION_RULE • OR EXPRESSION_RULE
  200                | EXPRESSION_RULE • AND EXPRESSION_RULE

    OR                shift, and go to state 139
    AND               shift, and go to state 140
    EQUAL             shift, and go to state 141
    NOT_EQUAL         shift, and go to state 142
    LESS              shift, and go to state 143
    LESS_OR_EQUAL     shift, and go to state 144
    GREATER           shift, and go to state 145
    GREATER_OR_EQUAL  shift, and go to state 146
    '+'               shift, and go to state 147
    '-'               shift, and go to state 148
    '*'               shift, and go to state 149
    '/'               shift, and go to state 150
    '%'               shift, and go to state 151
    ','               shift, and go to state 271


State 248

   57 EXECUTABLE_STATEMENT_RULE: GOTO IDENTIFIER IF EXPRESSION_RULE ';' •

    $default  reduce using rule 57 (EXECUTABLE_STATEMENT_RULE)


State 249

   53 EXECUTABLE_STATEMENT_RULE: LOOP VARIABLE_RULE '=' EXPRESSION_RULE ',' • EXPRESSION_RULE STATEMENT_BLOCK_RULE
   54                          | LOOP VARIABLE_RULE '=' EXPRESSION_RULE ',' • EXPRESSION_RULE ',' EXPRESSION_RULE STATEMENT_BLOCK_RULE

    '-'             shift, and go to state 33
    STRING_LITERAL  shift, and go to state 34
    IDENTIFIER      shift, and go to state 92
    INT_LITERAL     shift, and go to state 38
    FLOAT_LITERAL   shift, and go to state 39
    TRUE            shift, and go to state 49
    FALSE           shift, and go to state 50
    '('             shift, and go to state 68

    EXPRESSION_RULE  go to state 272
    VARIABLE_RULE    go to state 94


State 250

   52 EXECUTABLE_STATEMENT_RULE: IF EXPRESSION_RULE STATEMENT_BLOCK_RULE ELSE STATEMENT_BLOCK_RULE •

    $default  reduce using rule 52 (EXECUTABLE_STATEMENT_RULE)


State 251

   15 FUNCTION_RULE: DEF ShortType IDENTIFIER '(' FUNCTION_PARAMETER_LIST_RULE • ')' STATEMENT_BLOCK_RULE

    ')'  shift, and go to state 273


State 252

   16 FUNCTION_PARAMETER_LIST_RULE: DECLARATION_STATEMENT_LIST_RULE •
   18 DECLARATION_STATEMENT_LIST_RULE: DECLARATION_STATEMENT_LIST_RULE • DECLARATION_STATEMENT_RULE ';'

    INT     shift, and go to state 4
    FLOAT   shift, and go to state 5
    STRING  shift, and go to state 6
    VOID    shift, and go to state 7
    BOOL    shift, and go to state 8
    DOUBLE  shift, and go to state 9

    $default  reduce using rule 16 (FUNCTION_PARAMETER_LIST_RULE)

    ShortType                   go to state 17
    DECLARATION_STATEMENT_RULE  go to state 24


State 253

   71 MODEL_DECLARATION: MODEL IDENTIFIER '{' $@1 MODEL_FIELD_LIST • '}' ';'
   72 MODEL_FIELD_LIST: MODEL_FIELD_LIST • MODEL_FIELD

    FORMAT              shift, and go to state 274
    PATH                shift, and go to state 275
    TASK                shift, and go to state 276
    PRECISION           shift, and go to state 277
    INPUT_SHAPE         shift, and go to state 278
    OUTPUT_SHAPE        shift, and go to state 279
    BACKEND_PREFERENCE  shift, and go to state 280
    COMPACT             shift, and go to state 281
    QUALITY_GUARDRAIL   shift, and go to state 282
    '}'                 shift, and go to state 283

    MODEL_FIELD  go to state 284


State 254

   87 GREENAI_CONTRACT: GREENAI_CONTRACT_T IDENTIFIER '{' $@2 CONTRACT_FIELD_LIST • '}' ';'
   88 CONTRACT_FIELD_LIST: CONTRACT_FIELD_LIST • CONTRACT_FIELD

    QUALITY_GUARDRAIL    shift, and go to state 285
    FUNCTIONAL_UNIT      shift, and go to state 286
    SUCCESS_CRITERIA     shift, and go to state 287
    BOUNDARY             shift, and go to state 288
    MEASUREMENT_QUALITY  shift, and go to state 289
    DATA_QUALITY         shift, and go to state 290
    CARBON_FACTOR        shift, and go to state 291
    ENERGY_BUDGET_J      shift, and go to state 292
    CARBON_BUDGET_GCO2E  shift, and go to state 293
    EVIDENCE_RETENTION   shift, and go to state 294
    CLAIMS_MODE          shift, and go to state 295
    '}'                  shift, and go to state 296

    CONTRACT_FIELD  go to state 297


State 255

  114 C3ECO_DECLARATION: FUNCTIONAL_UNIT IDENTIFIER '{' $@6 C3ECO_FIELD_LIST • '}' ';'
  131 C3ECO_FIELD_LIST: C3ECO_FIELD_LIST • C3ECO_FIELD

    IDENTIFIER         shift, and go to state 298
    QUALITY_GUARDRAIL  shift, and go to state 299
    FUNCTIONAL_UNIT    shift, and go to state 300
    BOUNDARY           shift, and go to state 301
    CARBON_FACTOR      shift, and go to state 302
    FALLBACK           shift, and go to state 303
    '}'                shift, and go to state 304

    C3ECO_FIELD       go to state 305
    C3ECO_FIELD_NAME  go to state 306


State 256

  118 C3ECO_DECLARATION: BOUNDARY IDENTIFIER '{' $@8 C3ECO_FIELD_LIST • '}' ';'
  131 C3ECO_FIELD_LIST: C3ECO_FIELD_LIST • C3ECO_FIELD

    IDENTIFIER         shift, and go to state 298
    QUALITY_GUARDRAIL  shift, and go to state 299
    FUNCTIONAL_UNIT    shift, and go to state 300
    BOUNDARY           shift, and go to state 301
    CARBON_FACTOR      shift, and go to state 302
    FALLBACK           shift, and go to state 303
    '}'                shift, and go to state 307

    C3ECO_FIELD       go to state 305
    C3ECO_FIELD_NAME  go to state 306


State 257

  104 GREENAI_MEASUREMENT: GREENAI_MEASURE IDENTIFIER '{' $@3 MEASURE_FIELD_LIST • '}' ';'
  105 MEASURE_FIELD_LIST: MEASURE_FIELD_LIST • MEASURE_FIELD

    IDENTIFIER  shift, and go to state 308
    '}'         shift, and go to state 309

    MEASURE_FIELD  go to state 310


State 258

   67 INFER_STATEMENT: INFER IDENTIFIER '(' IDENTIFIER ')' • ARROW IDENTIFIER ';'
   68                | INFER IDENTIFIER '(' IDENTIFIER ')' • GREATER IDENTIFIER ';'

    GREATER  shift, and go to state 311
    ARROW    shift, and go to state 312


State 259

   69 TENSOR_DECLARATION: TENSOR IDENTIFIER PRECISION_NAME STRING_LITERAL ';' •

    $default  reduce using rule 69 (TENSOR_DECLARATION)


State 260

  110 C3ECO_DECLARATION: CERTIFICATION_PROFILE IDENTIFIER '{' $@4 C3ECO_FIELD_LIST • '}' ';'
  131 C3ECO_FIELD_LIST: C3ECO_FIELD_LIST • C3ECO_FIELD

    IDENTIFIER         shift, and go to state 298
    QUALITY_GUARDRAIL  shift, and go to state 299
    FUNCTIONAL_UNIT    shift, and go to state 300
    BOUNDARY           shift, and go to state 301
    CARBON_FACTOR      shift, and go to state 302
    FALLBACK           shift, and go to state 303
    '}'                shift, and go to state 313

    C3ECO_FIELD       go to state 305
    C3ECO_FIELD_NAME  go to state 306


State 261

  112 C3ECO_DECLARATION: CERTIFICATION IDENTIFIER '{' $@5 C3ECO_FIELD_LIST • '}' ';'
  131 C3ECO_FIELD_LIST: C3ECO_FIELD_LIST • C3ECO_FIELD

    IDENTIFIER         shift, and go to state 298
    QUALITY_GUARDRAIL  shift, and go to state 299
    FUNCTIONAL_UNIT    shift, and go to state 300
    BOUNDARY           shift, and go to state 301
    CARBON_FACTOR      shift, and go to state 302
    FALLBACK           shift, and go to state 303
    '}'                shift, and go to state 314

    C3ECO_FIELD       go to state 305
    C3ECO_FIELD_NAME  go to state 306


State 262

  116 C3ECO_DECLARATION: WORKLOAD IDENTIFIER '{' $@7 C3ECO_FIELD_LIST • '}' ';'
  131 C3ECO_FIELD_LIST: C3ECO_FIELD_LIST • C3ECO_FIELD

    IDENTIFIER         shift, and go to state 298
    QUALITY_GUARDRAIL  shift, and go to state 299
    FUNCTIONAL_UNIT    shift, and go to state 300
    BOUNDARY           shift, and go to state 301
    CARBON_FACTOR      shift, and go to state 302
    FALLBACK           shift, and go to state 303
    '}'                shift, and go to state 315

    C3ECO_FIELD       go to state 305
    C3ECO_FIELD_NAME  go to state 306


State 263

  120 C3ECO_DECLARATION: MEASUREMENT_PLAN IDENTIFIER '{' $@9 C3ECO_FIELD_LIST • '}' ';'
  131 C3ECO_FIELD_LIST: C3ECO_FIELD_LIST • C3ECO_FIELD

    IDENTIFIER         shift, and go to state 298
    QUALITY_GUARDRAIL  shift, and go to state 299
    FUNCTIONAL_UNIT    shift, and go to state 300
    BOUNDARY           shift, and go to state 301
    CARBON_FACTOR      shift, and go to state 302
    FALLBACK           shift, and go to state 303
    '}'                shift, and go to state 316

    C3ECO_FIELD       go to state 305
    C3ECO_FIELD_NAME  go to state 306


State 264

  122 C3ECO_DECLARATION: AI_LIFECYCLE IDENTIFIER '{' $@10 C3ECO_FIELD_LIST • '}' ';'
  131 C3ECO_FIELD_LIST: C3ECO_FIELD_LIST • C3ECO_FIELD

    IDENTIFIER         shift, and go to state 298
    QUALITY_GUARDRAIL  shift, and go to state 299
    FUNCTIONAL_UNIT    shift, and go to state 300
    BOUNDARY           shift, and go to state 301
    CARBON_FACTOR      shift, and go to state 302
    FALLBACK           shift, and go to state 303
    '}'                shift, and go to state 317

    C3ECO_FIELD       go to state 305
    C3ECO_FIELD_NAME  go to state 306


State 265

  124 C3ECO_DECLARATION: RAG_PIPELINE IDENTIFIER '{' $@11 C3ECO_FIELD_LIST • '}' ';'
  131 C3ECO_FIELD_LIST: C3ECO_FIELD_LIST • C3ECO_FIELD

    IDENTIFIER         shift, and go to state 298
    QUALITY_GUARDRAIL  shift, and go to state 299
    FUNCTIONAL_UNIT    shift, and go to state 300
    BOUNDARY           shift, and go to state 301
    CARBON_FACTOR      shift, and go to state 302
    FALLBACK           shift, and go to state 303
    '}'                shift, and go to state 318

    C3ECO_FIELD       go to state 305
    C3ECO_FIELD_NAME  go to state 306


State 266

  126 C3ECO_DECLARATION: TOKEN_BUDGET IDENTIFIER '{' $@12 C3ECO_FIELD_LIST • '}' ';'
  131 C3ECO_FIELD_LIST: C3ECO_FIELD_LIST • C3ECO_FIELD

    IDENTIFIER         shift, and go to state 298
    QUALITY_GUARDRAIL  shift, and go to state 299
    FUNCTIONAL_UNIT    shift, and go to state 300
    BOUNDARY           shift, and go to state 301
    CARBON_FACTOR      shift, and go to state 302
    FALLBACK           shift, and go to state 303
    '}'                shift, and go to state 319

    C3ECO_FIELD       go to state 305
    C3ECO_FIELD_NAME  go to state 306


State 267

  128 C3ECO_DECLARATION: MODEL_ROUTING IDENTIFIER '{' $@13 C3ECO_FIELD_LIST • '}' ';'
  131 C3ECO_FIELD_LIST: C3ECO_FIELD_LIST • C3ECO_FIELD

    IDENTIFIER         shift, and go to state 298
    QUALITY_GUARDRAIL  shift, and go to state 299
    FUNCTIONAL_UNIT    shift, and go to state 300
    BOUNDARY           shift, and go to state 301
    CARBON_FACTOR      shift, and go to state 302
    FALLBACK           shift, and go to state 303
    '}'                shift, and go to state 320

    C3ECO_FIELD       go to state 305
    C3ECO_FIELD_NAME  go to state 306


State 268

  130 C3ECO_DECLARATION: GUARDRAILS IDENTIFIER '{' $@14 C3ECO_FIELD_LIST • '}' ';'
  131 C3ECO_FIELD_LIST: C3ECO_FIELD_LIST • C3ECO_FIELD

    IDENTIFIER         shift, and go to state 298
    QUALITY_GUARDRAIL  shift, and go to state 299
    FUNCTIONAL_UNIT    shift, and go to state 300
    BOUNDARY           shift, and go to state 301
    CARBON_FACTOR      shift, and go to state 302
    FALLBACK           shift, and go to state 303
    '}'                shift, and go to state 321

    C3ECO_FIELD       go to state 305
    C3ECO_FIELD_NAME  go to state 306


State 269

   28 DECLARATION_VARIABLE_LIST_RULE: DECLARATION_VARIABLE_LIST_RULE ',' IDENTIFIER '[' INT_LITERAL ']' •

    $default  reduce using rule 28 (DECLARATION_VARIABLE_LIST_RULE)


State 270

  186 AI_INFER_RULE: AI_INFER_BUILTIN '(' STRING_LITERAL ',' STRING_LITERAL ',' • STRING_LITERAL ')'

    STRING_LITERAL  shift, and go to state 322


State 271

  187 GREENAI_REPORT_RULE: GREENAI_REPORT_BUILTIN '(' STRING_LITERAL ',' EXPRESSION_RULE ',' • EXPRESSION_RULE ',' EXPRESSION_RULE ')'

    '-'             shift, and go to state 33
    STRING_LITERAL  shift, and go to state 34
    IDENTIFIER      shift, and go to state 92
    INT_LITERAL     shift, and go to state 38
    FLOAT_LITERAL   shift, and go to state 39
    TRUE            shift, and go to state 49
    FALSE           shift, and go to state 50
    '('             shift, and go to state 68

    EXPRESSION_RULE  go to state 323
    VARIABLE_RULE    go to state 94


State 272

   53 EXECUTABLE_STATEMENT_RULE: LOOP VARIABLE_RULE '=' EXPRESSION_RULE ',' EXPRESSION_RULE • STATEMENT_BLOCK_RULE
   54                          | LOOP VARIABLE_RULE '=' EXPRESSION_RULE ',' EXPRESSION_RULE • ',' EXPRESSION_RULE STATEMENT_BLOCK_RULE
  188 EXPRESSION_RULE: EXPRESSION_RULE • '+' EXPRESSION_RULE
  189                | EXPRESSION_RULE • '-' EXPRESSION_RULE
  190                | EXPRESSION_RULE • '*' EXPRESSION_RULE
  191                | EXPRESSION_RULE • '/' EXPRESSION_RULE
  192                | EXPRESSION_RULE • '%' EXPRESSION_RULE
  193                | EXPRESSION_RULE • LESS EXPRESSION_RULE
  194                | EXPRESSION_RULE • LESS_OR_EQUAL EXPRESSION_RULE
  195                | EXPRESSION_RULE • GREATER EXPRESSION_RULE
  196                | EXPRESSION_RULE • GREATER_OR_EQUAL EXPRESSION_RULE
  197                | EXPRESSION_RULE • EQUAL EXPRESSION_RULE
  198                | EXPRESSION_RULE • NOT_EQUAL EXPRESSION_RULE
  199                | EXPRESSION_RULE • OR EXPRESSION_RULE
  200                | EXPRESSION_RULE • AND EXPRESSION_RULE

    OR                shift, and go to state 139
    AND               shift, and go to state 140
    EQUAL             shift, and go to state 141
    NOT_EQUAL         shift, and go to state 142
    LESS              shift, and go to state 143
    LESS_OR_EQUAL     shift, and go to state 144
    GREATER           shift, and go to state 145
    GREATER_OR_EQUAL  shift, and go to state 146
    '+'               shift, and go to state 147
    '-'               shift, and go to state 148
    '*'               shift, and go to state 149
    '/'               shift, and go to state 150
    '%'               shift, and go to state 151
    ','               shift, and go to state 324
    '{'               shift, and go to state 69

    STATEMENT_BLOCK_RULE  go to state 325


State 273

   15 FUNCTION_RULE: DEF ShortType IDENTIFIER '(' FUNCTION_PARAMETER_LIST_RULE ')' • STATEMENT_BLOCK_RULE

    '{'  shift, and go to state 69

    STATEMENT_BLOCK_RULE  go to state 326


State 274

   74 MODEL_FIELD: FORMAT • FORMAT_NAME ';'

    ONNX         shift, and go to state 327
    ENGINE       shift, and go to state 328
    TORCHSCRIPT  shift, and go to state 329
    OPENVINO_IR  shift, and go to state 330
    GGUF         shift, and go to state 331

    FORMAT_NAME  go to state 332


State 275

   75 MODEL_FIELD: PATH • STRING_LITERAL ';'

    STRING_LITERAL  shift, and go to state 333


State 276

   76 MODEL_FIELD: TASK • STRING_LITERAL ';'

    STRING_LITERAL  shift, and go to state 334


State 277

   77 MODEL_FIELD: PRECISION • PRECISION_NAME ';'

    FLOAT  shift, and go to state 179
    INT8   shift, and go to state 180
    FP16   shift, and go to state 181
    FP32   shift, and go to state 182
    BF16   shift, and go to state 183
    INT4   shift, and go to state 184
    FP64   shift, and go to state 185

    PRECISION_NAME  go to state 335


State 278

   78 MODEL_FIELD: INPUT_SHAPE • STRING_LITERAL ';'

    STRING_LITERAL  shift, and go to state 336


State 279

   79 MODEL_FIELD: OUTPUT_SHAPE • STRING_LITERAL ';'

    STRING_LITERAL  shift, and go to state 337


State 280

   80 MODEL_FIELD: BACKEND_PREFERENCE • BACKEND_LIST ';'

    TENSORRT              shift, and go to state 338
    ONNXRUNTIME_TENSORRT  shift, and go to state 339
    ONNXRUNTIME_CUDA      shift, and go to state 340
    ONNXRUNTIME_CPU       shift, and go to state 341
    OPENVINO              shift, and go to state 342
    LIBTORCH              shift, and go to state 343
    LLAMACPP              shift, and go to state 344
    FALLBACK              shift, and go to state 345

    BACKEND_LIST  go to state 346
    BACKEND_NAME  go to state 347


State 281

   81 MODEL_FIELD: COMPACT • TRUE ';'
   82            | COMPACT • FALSE ';'

    TRUE   shift, and go to state 348
    FALSE  shift, and go to state 349


State 282

   83 MODEL_FIELD: QUALITY_GUARDRAIL • IDENTIFIER GREATER_OR_EQUAL INT_LITERAL ';'

    IDENTIFIER  shift, and go to state 350


State 283

   71 MODEL_DECLARATION: MODEL IDENTIFIER '{' $@1 MODEL_FIELD_LIST '}' • ';'

    ';'  shift, and go to state 351


State 284

   72 MODEL_FIELD_LIST: MODEL_FIELD_LIST MODEL_FIELD •

    $default  reduce using rule 72 (MODEL_FIELD_LIST)


State 285

   98 CONTRACT_FIELD: QUALITY_GUARDRAIL • IDENTIFIER GREATER_OR_EQUAL INT_LITERAL ';'

    IDENTIFIER  shift, and go to state 352


State 286

   90 CONTRACT_FIELD: FUNCTIONAL_UNIT • STRING_LITERAL ';'

    STRING_LITERAL  shift, and go to state 353


State 287

   91 CONTRACT_FIELD: SUCCESS_CRITERIA • STRING_LITERAL ';'

    STRING_LITERAL  shift, and go to state 354


State 288

   92 CONTRACT_FIELD: BOUNDARY • BOUNDARY_LIST ';'

    CI_CD        shift, and go to state 355
    THIRDPARTY   shift, and go to state 356
    ACCELERATOR  shift, and go to state 357
    COMPUTE      shift, and go to state 358
    STORAGE      shift, and go to state 359
    NETWORK      shift, and go to state 360

    BOUNDARY_LIST  go to state 361
    BOUNDARY_NAME  go to state 362


State 289

   93 CONTRACT_FIELD: MEASUREMENT_QUALITY • MQ_NAME ';'

    MQ1  shift, and go to state 363
    MQ2  shift, and go to state 364
    MQ3  shift, and go to state 365
    MQ4  shift, and go to state 366

    MQ_NAME  go to state 367


State 290

   94 CONTRACT_FIELD: DATA_QUALITY • DQ_NAME ';'

    DQ1  shift, and go to state 368
    DQ2  shift, and go to state 369
    DQ3  shift, and go to state 370
    DQ4  shift, and go to state 371

    DQ_NAME  go to state 372


State 291

   95 CONTRACT_FIELD: CARBON_FACTOR • LOCATION INT_LITERAL ';'

    LOCATION  shift, and go to state 373


State 292

   96 CONTRACT_FIELD: ENERGY_BUDGET_J • INT_LITERAL ';'

    INT_LITERAL  shift, and go to state 374


State 293

   97 CONTRACT_FIELD: CARBON_BUDGET_GCO2E • INT_LITERAL ';'

    INT_LITERAL  shift, and go to state 375


State 294

   99 CONTRACT_FIELD: EVIDENCE_RETENTION • STRING_LITERAL ';'

    STRING_LITERAL  shift, and go to state 376


State 295

  100 CONTRACT_FIELD: CLAIMS_MODE • EVIDENCE_ONLY ';'

    EVIDENCE_ONLY  shift, and go to state 377


State 296

   87 GREENAI_CONTRACT: GREENAI_CONTRACT_T IDENTIFIER '{' $@2 CONTRACT_FIELD_LIST '}' • ';'

    ';'  shift, and go to state 378


State 297

   88 CONTRACT_FIELD_LIST: CONTRACT_FIELD_LIST CONTRACT_FIELD •

    $default  reduce using rule 88 (CONTRACT_FIELD_LIST)


State 298

  139 C3ECO_FIELD_NAME: IDENTIFIER •

    $default  reduce using rule 139 (C3ECO_FIELD_NAME)


State 299

  142 C3ECO_FIELD_NAME: QUALITY_GUARDRAIL •

    $default  reduce using rule 142 (C3ECO_FIELD_NAME)


State 300

  143 C3ECO_FIELD_NAME: FUNCTIONAL_UNIT •

    $default  reduce using rule 143 (C3ECO_FIELD_NAME)


State 301

  144 C3ECO_FIELD_NAME: BOUNDARY •

    $default  reduce using rule 144 (C3ECO_FIELD_NAME)


State 302

  140 C3ECO_FIELD_NAME: CARBON_FACTOR •

    $default  reduce using rule 140 (C3ECO_FIELD_NAME)


State 303

  141 C3ECO_FIELD_NAME: FALLBACK •

    $default  reduce using rule 141 (C3ECO_FIELD_NAME)


State 304

  114 C3ECO_DECLARATION: FUNCTIONAL_UNIT IDENTIFIER '{' $@6 C3ECO_FIELD_LIST '}' • ';'

    ';'  shift, and go to state 379


State 305

  131 C3ECO_FIELD_LIST: C3ECO_FIELD_LIST C3ECO_FIELD •

    $default  reduce using rule 131 (C3ECO_FIELD_LIST)


State 306

  133 C3ECO_FIELD: C3ECO_FIELD_NAME • STRING_LITERAL ';'
  134            | C3ECO_FIELD_NAME • C3ECO_IDENTIFIER_VALUE ';'
  135            | C3ECO_FIELD_NAME • INT_LITERAL ';'
  136            | C3ECO_FIELD_NAME • FLOAT_LITERAL ';'
  137            | C3ECO_FIELD_NAME • TRUE ';'
  138            | C3ECO_FIELD_NAME • FALSE ';'

    STRING_LITERAL  shift, and go to state 380
    IDENTIFIER      shift, and go to state 381
    INT_LITERAL     shift, and go to state 382
    FLOAT_LITERAL   shift, and go to state 383
    TRUE            shift, and go to state 384
    FALSE           shift, and go to state 385
    EVIDENCE_ONLY   shift, and go to state 386
    FALLBACK        shift, and go to state 387
    MQ1             shift, and go to state 363
    MQ2             shift, and go to state 364
    MQ3             shift, and go to state 365
    MQ4             shift, and go to state 366
    DQ1             shift, and go to state 368
    DQ2             shift, and go to state 369
    DQ3             shift, and go to state 370
    DQ4             shift, and go to state 371
    LOCATION        shift, and go to state 388
    CI_CD           shift, and go to state 355
    THIRDPARTY      shift, and go to state 356
    ACCELERATOR     shift, and go to state 357
    COMPUTE         shift, and go to state 358
    STORAGE         shift, and go to state 359
    NETWORK         shift, and go to state 360

    C3ECO_IDENTIFIER_VALUE  go to state 389
    MQ_NAME                 go to state 390
    DQ_NAME                 go to state 391
    BOUNDARY_NAME           go to state 392


State 307

  118 C3ECO_DECLARATION: BOUNDARY IDENTIFIER '{' $@8 C3ECO_FIELD_LIST '}' • ';'

    ';'  shift, and go to state 393


State 308

  107 MEASURE_FIELD: IDENTIFIER • INT_LITERAL ';'
  108              | IDENTIFIER • IDENTIFIER ';'

    IDENTIFIER   shift, and go to state 394
    INT_LITERAL  shift, and go to state 395


State 309

  104 GREENAI_MEASUREMENT: GREENAI_MEASURE IDENTIFIER '{' $@3 MEASURE_FIELD_LIST '}' • ';'

    ';'  shift, and go to state 396


State 310

  105 MEASURE_FIELD_LIST: MEASURE_FIELD_LIST MEASURE_FIELD •

    $default  reduce using rule 105 (MEASURE_FIELD_LIST)


State 311

   68 INFER_STATEMENT: INFER IDENTIFIER '(' IDENTIFIER ')' GREATER • IDENTIFIER ';'

    IDENTIFIER  shift, and go to state 397


State 312

   67 INFER_STATEMENT: INFER IDENTIFIER '(' IDENTIFIER ')' ARROW • IDENTIFIER ';'

    IDENTIFIER  shift, and go to state 398


State 313

  110 C3ECO_DECLARATION: CERTIFICATION_PROFILE IDENTIFIER '{' $@4 C3ECO_FIELD_LIST '}' • ';'

    ';'  shift, and go to state 399


State 314

  112 C3ECO_DECLARATION: CERTIFICATION IDENTIFIER '{' $@5 C3ECO_FIELD_LIST '}' • ';'

    ';'  shift, and go to state 400


State 315

  116 C3ECO_DECLARATION: WORKLOAD IDENTIFIER '{' $@7 C3ECO_FIELD_LIST '}' • ';'

    ';'  shift, and go to state 401


State 316

  120 C3ECO_DECLARATION: MEASUREMENT_PLAN IDENTIFIER '{' $@9 C3ECO_FIELD_LIST '}' • ';'

    ';'  shift, and go to state 402


State 317

  122 C3ECO_DECLARATION: AI_LIFECYCLE IDENTIFIER '{' $@10 C3ECO_FIELD_LIST '}' • ';'

    ';'  shift, and go to state 403


State 318

  124 C3ECO_DECLARATION: RAG_PIPELINE IDENTIFIER '{' $@11 C3ECO_FIELD_LIST '}' • ';'

    ';'  shift, and go to state 404


State 319

  126 C3ECO_DECLARATION: TOKEN_BUDGET IDENTIFIER '{' $@12 C3ECO_FIELD_LIST '}' • ';'

    ';'  shift, and go to state 405


State 320

  128 C3ECO_DECLARATION: MODEL_ROUTING IDENTIFIER '{' $@13 C3ECO_FIELD_LIST '}' • ';'

    ';'  shift, and go to state 406


State 321

  130 C3ECO_DECLARATION: GUARDRAILS IDENTIFIER '{' $@14 C3ECO_FIELD_LIST '}' • ';'

    ';'  shift, and go to state 407


State 322

  186 AI_INFER_RULE: AI_INFER_BUILTIN '(' STRING_LITERAL ',' STRING_LITERAL ',' STRING_LITERAL • ')'

    ')'  shift, and go to state 408


State 323

  187 GREENAI_REPORT_RULE: GREENAI_REPORT_BUILTIN '(' STRING_LITERAL ',' EXPRESSION_RULE ',' EXPRESSION_RULE • ',' EXPRESSION_RULE ')'
  188 EXPRESSION_RULE: EXPRESSION_RULE • '+' EXPRESSION_RULE
  189                | EXPRESSION_RULE • '-' EXPRESSION_RULE
  190                | EXPRESSION_RULE • '*' EXPRESSION_RULE
  191                | EXPRESSION_RULE • '/' EXPRESSION_RULE
  192                | EXPRESSION_RULE • '%' EXPRESSION_RULE
  193                | EXPRESSION_RULE • LESS EXPRESSION_RULE
  194                | EXPRESSION_RULE • LESS_OR_EQUAL EXPRESSION_RULE
  195                | EXPRESSION_RULE • GREATER EXPRESSION_RULE
  196                | EXPRESSION_RULE • GREATER_OR_EQUAL EXPRESSION_RULE
  197                | EXPRESSION_RULE • EQUAL EXPRESSION_RULE
  198                | EXPRESSION_RULE • NOT_EQUAL EXPRESSION_RULE
  199                | EXPRESSION_RULE • OR EXPRESSION_RULE
  200                | EXPRESSION_RULE • AND EXPRESSION_RULE

    OR                shift, and go to state 139
    AND               shift, and go to state 140
    EQUAL             shift, and go to state 141
    NOT_EQUAL         shift, and go to state 142
    LESS              shift, and go to state 143
    LESS_OR_EQUAL     shift, and go to state 144
    GREATER           shift, and go to state 145
    GREATER_OR_EQUAL  shift, and go to state 146
    '+'               shift, and go to state 147
    '-'               shift, and go to state 148
    '*'               shift, and go to state 149
    '/'               shift, and go to state 150
    '%'               shift, and go to state 151
    ','               shift, and go to state 409


State 324

   54 EXECUTABLE_STATEMENT_RULE: LOOP VARIABLE_RULE '=' EXPRESSION_RULE ',' EXPRESSION_RULE ',' • EXPRESSION_RULE STATEMENT_BLOCK_RULE

    '-'             shift, and go to state 33
    STRING_LITERAL  shift, and go to state 34
    IDENTIFIER      shift, and go to state 92
    INT_LITERAL     shift, and go to state 38
    FLOAT_LITERAL   shift, and go to state 39
    TRUE            shift, and go to state 49
    FALSE           shift, and go to state 50
    '('             shift, and go to state 68

    EXPRESSION_RULE  go to state 410
    VARIABLE_RULE    go to state 94


State 325

   53 EXECUTABLE_STATEMENT_RULE: LOOP VARIABLE_RULE '=' EXPRESSION_RULE ',' EXPRESSION_RULE STATEMENT_BLOCK_RULE •

    $default  reduce using rule 53 (EXECUTABLE_STATEMENT_RULE)


State 326

   15 FUNCTION_RULE: DEF ShortType IDENTIFIER '(' FUNCTION_PARAMETER_LIST_RULE ')' STATEMENT_BLOCK_RULE •

    $default  reduce using rule 15 (FUNCTION_RULE)


State 327

  152 FORMAT_NAME: ONNX •

    $default  reduce using rule 152 (FORMAT_NAME)


State 328

  153 FORMAT_NAME: ENGINE •

    $default  reduce using rule 153 (FORMAT_NAME)


State 329

  154 FORMAT_NAME: TORCHSCRIPT •

    $default  reduce using rule 154 (FORMAT_NAME)


State 330

  155 FORMAT_NAME: OPENVINO_IR •

    $default  reduce using rule 155 (FORMAT_NAME)


State 331

  156 FORMAT_NAME: GGUF •

    $default  reduce using rule 156 (FORMAT_NAME)


State 332

   74 MODEL_FIELD: FORMAT FORMAT_NAME • ';'

    ';'  shift, and go to state 411


State 333

   75 MODEL_FIELD: PATH STRING_LITERAL • ';'

    ';'  shift, and go to state 412


State 334

   76 MODEL_FIELD: TASK STRING_LITERAL • ';'

    ';'  shift, and go to state 413


State 335

   77 MODEL_FIELD: PRECISION PRECISION_NAME • ';'

    ';'  shift, and go to state 414


State 336

   78 MODEL_FIELD: INPUT_SHAPE STRING_LITERAL • ';'

    ';'  shift, and go to state 415


State 337

   79 MODEL_FIELD: OUTPUT_SHAPE STRING_LITERAL • ';'

    ';'  shift, and go to state 416


State 338

  164 BACKEND_NAME: TENSORRT •

    $default  reduce using rule 164 (BACKEND_NAME)


State 339

  165 BACKEND_NAME: ONNXRUNTIME_TENSORRT •

    $default  reduce using rule 165 (BACKEND_NAME)


State 340

  166 BACKEND_NAME: ONNXRUNTIME_CUDA •

    $default  reduce using rule 166 (BACKEND_NAME)


State 341

  167 BACKEND_NAME: ONNXRUNTIME_CPU •

    $default  reduce using rule 167 (BACKEND_NAME)


State 342

  168 BACKEND_NAME: OPENVINO •

    $default  reduce using rule 168 (BACKEND_NAME)


State 343

  169 BACKEND_NAME: LIBTORCH •

    $default  reduce using rule 169 (BACKEND_NAME)


State 344

  170 BACKEND_NAME: LLAMACPP •

    $default  reduce using rule 170 (BACKEND_NAME)


State 345

  171 BACKEND_NAME: FALLBACK •

    $default  reduce using rule 171 (BACKEND_NAME)


State 346

   80 MODEL_FIELD: BACKEND_PREFERENCE BACKEND_LIST • ';'
   84 BACKEND_LIST: BACKEND_LIST • ',' BACKEND_NAME

    ';'  shift, and go to state 417
    ','  shift, and go to state 418


State 347

   85 BACKEND_LIST: BACKEND_NAME •

    $default  reduce using rule 85 (BACKEND_LIST)


State 348

   81 MODEL_FIELD: COMPACT TRUE • ';'

    ';'  shift, and go to state 419


State 349

   82 MODEL_FIELD: COMPACT FALSE • ';'

    ';'  shift, and go to state 420


State 350

   83 MODEL_FIELD: QUALITY_GUARDRAIL IDENTIFIER • GREATER_OR_EQUAL INT_LITERAL ';'

    GREATER_OR_EQUAL  shift, and go to state 421


State 351

   71 MODEL_DECLARATION: MODEL IDENTIFIER '{' $@1 MODEL_FIELD_LIST '}' ';' •

    $default  reduce using rule 71 (MODEL_DECLARATION)


State 352

   98 CONTRACT_FIELD: QUALITY_GUARDRAIL IDENTIFIER • GREATER_OR_EQUAL INT_LITERAL ';'

    GREATER_OR_EQUAL  shift, and go to state 422


State 353

   90 CONTRACT_FIELD: FUNCTIONAL_UNIT STRING_LITERAL • ';'

    ';'  shift, and go to state 423


State 354

   91 CONTRACT_FIELD: SUCCESS_CRITERIA STRING_LITERAL • ';'

    ';'  shift, and go to state 424


State 355

  184 BOUNDARY_NAME: CI_CD •

    $default  reduce using rule 184 (BOUNDARY_NAME)


State 356

  185 BOUNDARY_NAME: THIRDPARTY •

    $default  reduce using rule 185 (BOUNDARY_NAME)


State 357

  181 BOUNDARY_NAME: ACCELERATOR •

    $default  reduce using rule 181 (BOUNDARY_NAME)


State 358

  180 BOUNDARY_NAME: COMPUTE •

    $default  reduce using rule 180 (BOUNDARY_NAME)


State 359

  182 BOUNDARY_NAME: STORAGE •

    $default  reduce using rule 182 (BOUNDARY_NAME)


State 360

  183 BOUNDARY_NAME: NETWORK •

    $default  reduce using rule 183 (BOUNDARY_NAME)


State 361

   92 CONTRACT_FIELD: BOUNDARY BOUNDARY_LIST • ';'
  101 BOUNDARY_LIST: BOUNDARY_LIST • ',' BOUNDARY_NAME

    ';'  shift, and go to state 425
    ','  shift, and go to state 426


State 362

  102 BOUNDARY_LIST: BOUNDARY_NAME •

    $default  reduce using rule 102 (BOUNDARY_LIST)


State 363

  172 MQ_NAME: MQ1 •

    $default  reduce using rule 172 (MQ_NAME)


State 364

  173 MQ_NAME: MQ2 •

    $default  reduce using rule 173 (MQ_NAME)


State 365

  174 MQ_NAME: MQ3 •

    $default  reduce using rule 174 (MQ_NAME)


State 366

  175 MQ_NAME: MQ4 •

    $default  reduce using rule 175 (MQ_NAME)


State 367

   93 CONTRACT_FIELD: MEASUREMENT_QUALITY MQ_NAME • ';'

    ';'  shift, and go to state 427


State 368

  176 DQ_NAME: DQ1 •

    $default  reduce using rule 176 (DQ_NAME)


State 369

  177 DQ_NAME: DQ2 •

    $default  reduce using rule 177 (DQ_NAME)


State 370

  178 DQ_NAME: DQ3 •

    $default  reduce using rule 178 (DQ_NAME)


State 371

  179 DQ_NAME: DQ4 •

    $default  reduce using rule 179 (DQ_NAME)


State 372

   94 CONTRACT_FIELD: DATA_QUALITY DQ_NAME • ';'

    ';'  shift, and go to state 428


State 373

   95 CONTRACT_FIELD: CARBON_FACTOR LOCATION • INT_LITERAL ';'

    INT_LITERAL  shift, and go to state 429


State 374

   96 CONTRACT_FIELD: ENERGY_BUDGET_J INT_LITERAL • ';'

    ';'  shift, and go to state 430


State 375

   97 CONTRACT_FIELD: CARBON_BUDGET_GCO2E INT_LITERAL • ';'

    ';'  shift, and go to state 431


State 376

   99 CONTRACT_FIELD: EVIDENCE_RETENTION STRING_LITERAL • ';'

    ';'  shift, and go to state 432


State 377

  100 CONTRACT_FIELD: CLAIMS_MODE EVIDENCE_ONLY • ';'

    ';'  shift, and go to state 433


State 378

   87 GREENAI_CONTRACT: GREENAI_CONTRACT_T IDENTIFIER '{' $@2 CONTRACT_FIELD_LIST '}' ';' •

    $default  reduce using rule 87 (GREENAI_CONTRACT)


State 379

  114 C3ECO_DECLARATION: FUNCTIONAL_UNIT IDENTIFIER '{' $@6 C3ECO_FIELD_LIST '}' ';' •

    $default  reduce using rule 114 (C3ECO_DECLARATION)


State 380

  133 C3ECO_FIELD: C3ECO_FIELD_NAME STRING_LITERAL • ';'

    ';'  shift, and go to state 434


State 381

  145 C3ECO_IDENTIFIER_VALUE: IDENTIFIER •

    $default  reduce using rule 145 (C3ECO_IDENTIFIER_VALUE)


State 382

  135 C3ECO_FIELD: C3ECO_FIELD_NAME INT_LITERAL • ';'

    ';'  shift, and go to state 435


State 383

  136 C3ECO_FIELD: C3ECO_FIELD_NAME FLOAT_LITERAL • ';'

    ';'  shift, and go to state 436


State 384

  137 C3ECO_FIELD: C3ECO_FIELD_NAME TRUE • ';'

    ';'  shift, and go to state 437


State 385

  138 C3ECO_FIELD: C3ECO_FIELD_NAME FALSE • ';'

    ';'  shift, and go to state 438


State 386

  150 C3ECO_IDENTIFIER_VALUE: EVIDENCE_ONLY •

    $default  reduce using rule 150 (C3ECO_IDENTIFIER_VALUE)


State 387

  151 C3ECO_IDENTIFIER_VALUE: FALLBACK •

    $default  reduce using rule 151 (C3ECO_IDENTIFIER_VALUE)


State 388

  149 C3ECO_IDENTIFIER_VALUE: LOCATION •

    $default  reduce using rule 149 (C3ECO_IDENTIFIER_VALUE)


State 389

  134 C3ECO_FIELD: C3ECO_FIELD_NAME C3ECO_IDENTIFIER_VALUE • ';'

    ';'  shift, and go to state 439


State 390

  147 C3ECO_IDENTIFIER_VALUE: MQ_NAME •

    $default  reduce using rule 147 (C3ECO_IDENTIFIER_VALUE)


State 391

  148 C3ECO_IDENTIFIER_VALUE: DQ_NAME •

    $default  reduce using rule 148 (C3ECO_IDENTIFIER_VALUE)


State 392

  146 C3ECO_IDENTIFIER_VALUE: BOUNDARY_NAME •

    $default  reduce using rule 146 (C3ECO_IDENTIFIER_VALUE)


State 393

  118 C3ECO_DECLARATION: BOUNDARY IDENTIFIER '{' $@8 C3ECO_FIELD_LIST '}' ';' •

    $default  reduce using rule 118 (C3ECO_DECLARATION)


State 394

  108 MEASURE_FIELD: IDENTIFIER IDENTIFIER • ';'

    ';'  shift, and go to state 440


State 395

  107 MEASURE_FIELD: IDENTIFIER INT_LITERAL • ';'

    ';'  shift, and go to state 441


State 396

  104 GREENAI_MEASUREMENT: GREENAI_MEASURE IDENTIFIER '{' $@3 MEASURE_FIELD_LIST '}' ';' •

    $default  reduce using rule 104 (GREENAI_MEASUREMENT)


State 397

   68 INFER_STATEMENT: INFER IDENTIFIER '(' IDENTIFIER ')' GREATER IDENTIFIER • ';'

    ';'  shift, and go to state 442


State 398

   67 INFER_STATEMENT: INFER IDENTIFIER '(' IDENTIFIER ')' ARROW IDENTIFIER • ';'

    ';'  shift, and go to state 443


State 399

  110 C3ECO_DECLARATION: CERTIFICATION_PROFILE IDENTIFIER '{' $@4 C3ECO_FIELD_LIST '}' ';' •

    $default  reduce using rule 110 (C3ECO_DECLARATION)


State 400

  112 C3ECO_DECLARATION: CERTIFICATION IDENTIFIER '{' $@5 C3ECO_FIELD_LIST '}' ';' •

    $default  reduce using rule 112 (C3ECO_DECLARATION)


State 401

  116 C3ECO_DECLARATION: WORKLOAD IDENTIFIER '{' $@7 C3ECO_FIELD_LIST '}' ';' •

    $default  reduce using rule 116 (C3ECO_DECLARATION)


State 402

  120 C3ECO_DECLARATION: MEASUREMENT_PLAN IDENTIFIER '{' $@9 C3ECO_FIELD_LIST '}' ';' •

    $default  reduce using rule 120 (C3ECO_DECLARATION)


State 403

  122 C3ECO_DECLARATION: AI_LIFECYCLE IDENTIFIER '{' $@10 C3ECO_FIELD_LIST '}' ';' •

    $default  reduce using rule 122 (C3ECO_DECLARATION)


State 404

  124 C3ECO_DECLARATION: RAG_PIPELINE IDENTIFIER '{' $@11 C3ECO_FIELD_LIST '}' ';' •

    $default  reduce using rule 124 (C3ECO_DECLARATION)


State 405

  126 C3ECO_DECLARATION: TOKEN_BUDGET IDENTIFIER '{' $@12 C3ECO_FIELD_LIST '}' ';' •

    $default  reduce using rule 126 (C3ECO_DECLARATION)


State 406

  128 C3ECO_DECLARATION: MODEL_ROUTING IDENTIFIER '{' $@13 C3ECO_FIELD_LIST '}' ';' •

    $default  reduce using rule 128 (C3ECO_DECLARATION)


State 407

  130 C3ECO_DECLARATION: GUARDRAILS IDENTIFIER '{' $@14 C3ECO_FIELD_LIST '}' ';' •

    $default  reduce using rule 130 (C3ECO_DECLARATION)


State 408

  186 AI_INFER_RULE: AI_INFER_BUILTIN '(' STRING_LITERAL ',' STRING_LITERAL ',' STRING_LITERAL ')' •

    $default  reduce using rule 186 (AI_INFER_RULE)


State 409

  187 GREENAI_REPORT_RULE: GREENAI_REPORT_BUILTIN '(' STRING_LITERAL ',' EXPRESSION_RULE ',' EXPRESSION_RULE ',' • EXPRESSION_RULE ')'

    '-'             shift, and go to state 33
    STRING_LITERAL  shift, and go to state 34
    IDENTIFIER      shift, and go to state 92
    INT_LITERAL     shift, and go to state 38
    FLOAT_LITERAL   shift, and go to state 39
    TRUE            shift, and go to state 49
    FALSE           shift, and go to state 50
    '('             shift, and go to state 68

    EXPRESSION_RULE  go to state 444
    VARIABLE_RULE    go to state 94


State 410

   54 EXECUTABLE_STATEMENT_RULE: LOOP VARIABLE_RULE '=' EXPRESSION_RULE ',' EXPRESSION_RULE ',' EXPRESSION_RULE • STATEMENT_BLOCK_RULE
  188 EXPRESSION_RULE: EXPRESSION_RULE • '+' EXPRESSION_RULE
  189                | EXPRESSION_RULE • '-' EXPRESSION_RULE
  190                | EXPRESSION_RULE • '*' EXPRESSION_RULE
  191                | EXPRESSION_RULE • '/' EXPRESSION_RULE
  192                | EXPRESSION_RULE • '%' EXPRESSION_RULE
  193                | EXPRESSION_RULE • LESS EXPRESSION_RULE
  194                | EXPRESSION_RULE • LESS_OR_EQUAL EXPRESSION_RULE
  195                | EXPRESSION_RULE • GREATER EXPRESSION_RULE
  196                | EXPRESSION_RULE • GREATER_OR_EQUAL EXPRESSION_RULE
  197                | EXPRESSION_RULE • EQUAL EXPRESSION_RULE
  198                | EXPRESSION_RULE • NOT_EQUAL EXPRESSION_RULE
  199                | EXPRESSION_RULE • OR EXPRESSION_RULE
  200                | EXPRESSION_RULE • AND EXPRESSION_RULE

    OR                shift, and go to state 139
    AND               shift, and go to state 140
    EQUAL             shift, and go to state 141
    NOT_EQUAL         shift, and go to state 142
    LESS              shift, and go to state 143
    LESS_OR_EQUAL     shift, and go to state 144
    GREATER           shift, and go to state 145
    GREATER_OR_EQUAL  shift, and go to state 146
    '+'               shift, and go to state 147
    '-'               shift, and go to state 148
    '*'               shift, and go to state 149
    '/'               shift, and go to state 150
    '%'               shift, and go to state 151
    '{'               shift, and go to state 69

    STATEMENT_BLOCK_RULE  go to state 445


State 411

   74 MODEL_FIELD: FORMAT FORMAT_NAME ';' •

    $default  reduce using rule 74 (MODEL_FIELD)


State 412

   75 MODEL_FIELD: PATH STRING_LITERAL ';' •

    $default  reduce using rule 75 (MODEL_FIELD)


State 413

   76 MODEL_FIELD: TASK STRING_LITERAL ';' •

    $default  reduce using rule 76 (MODEL_FIELD)


State 414

   77 MODEL_FIELD: PRECISION PRECISION_NAME ';' •

    $default  reduce using rule 77 (MODEL_FIELD)


State 415

   78 MODEL_FIELD: INPUT_SHAPE STRING_LITERAL ';' •

    $default  reduce using rule 78 (MODEL_FIELD)


State 416

   79 MODEL_FIELD: OUTPUT_SHAPE STRING_LITERAL ';' •

    $default  reduce using rule 79 (MODEL_FIELD)


State 417

   80 MODEL_FIELD: BACKEND_PREFERENCE BACKEND_LIST ';' •

    $default  reduce using rule 80 (MODEL_FIELD)


State 418

   84 BACKEND_LIST: BACKEND_LIST ',' • BACKEND_NAME

    TENSORRT              shift, and go to state 338
    ONNXRUNTIME_TENSORRT  shift, and go to state 339
    ONNXRUNTIME_CUDA      shift, and go to state 340
    ONNXRUNTIME_CPU       shift, and go to state 341
    OPENVINO              shift, and go to state 342
    LIBTORCH              shift, and go to state 343
    LLAMACPP              shift, and go to state 344
    FALLBACK              shift, and go to state 345

    BACKEND_NAME  go to state 446


State 419

   81 MODEL_FIELD: COMPACT TRUE ';' •

    $default  reduce using rule 81 (MODEL_FIELD)


State 420

   82 MODEL_FIELD: COMPACT FALSE ';' •

    $default  reduce using rule 82 (MODEL_FIELD)


State 421

   83 MODEL_FIELD: QUALITY_GUARDRAIL IDENTIFIER GREATER_OR_EQUAL • INT_LITERAL ';'

    INT_LITERAL  shift, and go to state 447


State 422

   98 CONTRACT_FIELD: QUALITY_GUARDRAIL IDENTIFIER GREATER_OR_EQUAL • INT_LITERAL ';'

    INT_LITERAL  shift, and go to state 448


State 423

   90 CONTRACT_FIELD: FUNCTIONAL_UNIT STRING_LITERAL ';' •

    $default  reduce using rule 90 (CONTRACT_FIELD)


State 424

   91 CONTRACT_FIELD: SUCCESS_CRITERIA STRING_LITERAL ';' •

    $default  reduce using rule 91 (CONTRACT_FIELD)


State 425

   92 CONTRACT_FIELD: BOUNDARY BOUNDARY_LIST ';' •

    $default  reduce using rule 92 (CONTRACT_FIELD)


State 426

  101 BOUNDARY_LIST: BOUNDARY_LIST ',' • BOUNDARY_NAME

    CI_CD        shift, and go to state 355
    THIRDPARTY   shift, and go to state 356
    ACCELERATOR  shift, and go to state 357
    COMPUTE      shift, and go to state 358
    STORAGE      shift, and go to state 359
    NETWORK      shift, and go to state 360

    BOUNDARY_NAME  go to state 449


State 427

   93 CONTRACT_FIELD: MEASUREMENT_QUALITY MQ_NAME ';' •

    $default  reduce using rule 93 (CONTRACT_FIELD)


State 428

   94 CONTRACT_FIELD: DATA_QUALITY DQ_NAME ';' •

    $default  reduce using rule 94 (CONTRACT_FIELD)


State 429

   95 CONTRACT_FIELD: CARBON_FACTOR LOCATION INT_LITERAL • ';'

    ';'  shift, and go to state 450


State 430

   96 CONTRACT_FIELD: ENERGY_BUDGET_J INT_LITERAL ';' •

    $default  reduce using rule 96 (CONTRACT_FIELD)


State 431

   97 CONTRACT_FIELD: CARBON_BUDGET_GCO2E INT_LITERAL ';' •

    $default  reduce using rule 97 (CONTRACT_FIELD)


State 432

   99 CONTRACT_FIELD: EVIDENCE_RETENTION STRING_LITERAL ';' •

    $default  reduce using rule 99 (CONTRACT_FIELD)


State 433

  100 CONTRACT_FIELD: CLAIMS_MODE EVIDENCE_ONLY ';' •

    $default  reduce using rule 100 (CONTRACT_FIELD)


State 434

  133 C3ECO_FIELD: C3ECO_FIELD_NAME STRING_LITERAL ';' •

    $default  reduce using rule 133 (C3ECO_FIELD)


State 435

  135 C3ECO_FIELD: C3ECO_FIELD_NAME INT_LITERAL ';' •

    $default  reduce using rule 135 (C3ECO_FIELD)


State 436

  136 C3ECO_FIELD: C3ECO_FIELD_NAME FLOAT_LITERAL ';' •

    $default  reduce using rule 136 (C3ECO_FIELD)


State 437

  137 C3ECO_FIELD: C3ECO_FIELD_NAME TRUE ';' •

    $default  reduce using rule 137 (C3ECO_FIELD)


State 438

  138 C3ECO_FIELD: C3ECO_FIELD_NAME FALSE ';' •

    $default  reduce using rule 138 (C3ECO_FIELD)


State 439

  134 C3ECO_FIELD: C3ECO_FIELD_NAME C3ECO_IDENTIFIER_VALUE ';' •

    $default  reduce using rule 134 (C3ECO_FIELD)


State 440

  108 MEASURE_FIELD: IDENTIFIER IDENTIFIER ';' •

    $default  reduce using rule 108 (MEASURE_FIELD)


State 441

  107 MEASURE_FIELD: IDENTIFIER INT_LITERAL ';' •

    $default  reduce using rule 107 (MEASURE_FIELD)


State 442

   68 INFER_STATEMENT: INFER IDENTIFIER '(' IDENTIFIER ')' GREATER IDENTIFIER ';' •

    $default  reduce using rule 68 (INFER_STATEMENT)


State 443

   67 INFER_STATEMENT: INFER IDENTIFIER '(' IDENTIFIER ')' ARROW IDENTIFIER ';' •

    $default  reduce using rule 67 (INFER_STATEMENT)


State 444

  187 GREENAI_REPORT_RULE: GREENAI_REPORT_BUILTIN '(' STRING_LITERAL ',' EXPRESSION_RULE ',' EXPRESSION_RULE ',' EXPRESSION_RULE • ')'
  188 EXPRESSION_RULE: EXPRESSION_RULE • '+' EXPRESSION_RULE
  189                | EXPRESSION_RULE • '-' EXPRESSION_RULE
  190                | EXPRESSION_RULE • '*' EXPRESSION_RULE
  191                | EXPRESSION_RULE • '/' EXPRESSION_RULE
  192                | EXPRESSION_RULE • '%' EXPRESSION_RULE
  193                | EXPRESSION_RULE • LESS EXPRESSION_RULE
  194                | EXPRESSION_RULE • LESS_OR_EQUAL EXPRESSION_RULE
  195                | EXPRESSION_RULE • GREATER EXPRESSION_RULE
  196                | EXPRESSION_RULE • GREATER_OR_EQUAL EXPRESSION_RULE
  197                | EXPRESSION_RULE • EQUAL EXPRESSION_RULE
  198                | EXPRESSION_RULE • NOT_EQUAL EXPRESSION_RULE
  199                | EXPRESSION_RULE • OR EXPRESSION_RULE
  200                | EXPRESSION_RULE • AND EXPRESSION_RULE

    OR                shift, and go to state 139
    AND               shift, and go to state 140
    EQUAL             shift, and go to state 141
    NOT_EQUAL         shift, and go to state 142
    LESS              shift, and go to state 143
    LESS_OR_EQUAL     shift, and go to state 144
    GREATER           shift, and go to state 145
    GREATER_OR_EQUAL  shift, and go to state 146
    '+'               shift, and go to state 147
    '-'               shift, and go to state 148
    '*'               shift, and go to state 149
    '/'               shift, and go to state 150
    '%'               shift, and go to state 151
    ')'               shift, and go to state 451


State 445

   54 EXECUTABLE_STATEMENT_RULE: LOOP VARIABLE_RULE '=' EXPRESSION_RULE ',' EXPRESSION_RULE ',' EXPRESSION_RULE STATEMENT_BLOCK_RULE •

    $default  reduce using rule 54 (EXECUTABLE_STATEMENT_RULE)


State 446

   84 BACKEND_LIST: BACKEND_LIST ',' BACKEND_NAME •

    $default  reduce using rule 84 (BACKEND_LIST)


State 447

   83 MODEL_FIELD: QUALITY_GUARDRAIL IDENTIFIER GREATER_OR_EQUAL INT_LITERAL • ';'

    ';'  shift, and go to state 452


State 448

   98 CONTRACT_FIELD: QUALITY_GUARDRAIL IDENTIFIER GREATER_OR_EQUAL INT_LITERAL • ';'

    ';'  shift, and go to state 453


State 449

  101 BOUNDARY_LIST: BOUNDARY_LIST ',' BOUNDARY_NAME •

    $default  reduce using rule 101 (BOUNDARY_LIST)


State 450

   95 CONTRACT_FIELD: CARBON_FACTOR LOCATION INT_LITERAL ';' •

    $default  reduce using rule 95 (CONTRACT_FIELD)


State 451

  187 GREENAI_REPORT_RULE: GREENAI_REPORT_BUILTIN '(' STRING_LITERAL ',' EXPRESSION_RULE ',' EXPRESSION_RULE ',' EXPRESSION_RULE ')' •

    $default  reduce using rule 187 (GREENAI_REPORT_RULE)


State 452

   83 MODEL_FIELD: QUALITY_GUARDRAIL IDENTIFIER GREATER_OR_EQUAL INT_LITERAL ';' •

    $default  reduce using rule 83 (MODEL_FIELD)


State 453

   98 CONTRACT_FIELD: QUALITY_GUARDRAIL IDENTIFIER GREATER_OR_EQUAL INT_LITERAL ';' •

    $default  reduce using rule 98 (CONTRACT_FIELD)
